Customer_ID,Customer_Name,Salary_Level,Date,Category,Daily_Spend
1,Alice Smith,Low,2024-01-01,Groceries,1706
1,Alice Smith,Low,2024-01-01,Dining,1363
1,Alice Smith,Low,2024-01-01,Travel,1047
1,Alice Smith,Low,2024-01-01,Shopping,1560
1,Alice Smith,Low,2024-01-01,Entertainment,1507
1,Alice Smith,Low,2024-01-01,Healthcare,1537
1,Alice Smith,Low,2024-01-01,Electronics,1134
1,Alice Smith,Low,2024-01-01,Utilities,1094
1,Alice Smith,Low,2024-01-02,Groceries,1682
1,Alice Smith,Low,2024-01-02,Dining,1852
1,Alice Smith,Low,2024-01-02,Travel,1113
1,Alice Smith,Low,2024-01-02,Shopping,1606
1,Alice Smith,Low,2024-01-02,Entertainment,1545
1,Alice Smith,Low,2024-01-02,Healthcare,1655
1,Alice Smith,Low,2024-01-02,Electronics,964
1,Alice Smith,Low,2024-01-02,Utilities,1979
1,Alice Smith,Low,2024-01-03,Groceries,1825
1,Alice Smith,Low,2024-01-03,Dining,1454
1,Alice Smith,Low,2024-01-03,Travel,1429
1,Alice Smith,Low,2024-01-03,Shopping,1790
1,Alice Smith,Low,2024-01-03,Entertainment,1298
1,Alice Smith,Low,2024-01-03,Healthcare,894
1,Alice Smith,Low,2024-01-03,Electronics,1643
1,Alice Smith,Low,2024-01-03,Utilities,745
1,Alice Smith,Low,2024-01-04,Groceries,1067
1,Alice Smith,Low,2024-01-04,Dining,537
1,Alice Smith,Low,2024-01-04,Travel,744
1,Alice Smith,Low,2024-01-04,Shopping,520
1,Alice Smith,Low,2024-01-04,Entertainment,1633
1,Alice Smith,Low,2024-01-04,Healthcare,893
1,Alice Smith,Low,2024-01-04,Electronics,1933
1,Alice Smith,Low,2024-01-04,Utilities,1486
1,Alice Smith,Low,2024-01-05,Groceries,507
1,Alice Smith,Low,2024-01-05,Dining,1967
1,Alice Smith,Low,2024-01-05,Travel,827
1,Alice Smith,Low,2024-01-05,Shopping,789
1,Alice Smith,Low,2024-01-05,Entertainment,1010
1,Alice Smith,Low,2024-01-05,Healthcare,1411
1,Alice Smith,Low,2024-01-05,Electronics,860
1,Alice Smith,Low,2024-01-05,Utilities,1215
1,Alice Smith,Low,2024-01-06,Groceries,718
1,Alice Smith,Low,2024-01-06,Dining,905
1,Alice Smith,Low,2024-01-06,Travel,1252
1,Alice Smith,Low,2024-01-06,Shopping,1422
1,Alice Smith,Low,2024-01-06,Entertainment,1331
1,Alice Smith,Low,2024-01-06,Healthcare,1293
1,Alice Smith,Low,2024-01-06,Electronics,1743
1,Alice Smith,Low,2024-01-06,Utilities,1094
1,Alice Smith,Low,2024-01-07,Groceries,606
1,Alice Smith,Low,2024-01-07,Dining,1080
1,Alice Smith,Low,2024-01-07,Travel,1108
1,Alice Smith,Low,2024-01-07,Shopping,1809
1,Alice Smith,Low,2024-01-07,Entertainment,507
1,Alice Smith,Low,2024-01-07,Healthcare,1305
1,Alice Smith,Low,2024-01-07,Electronics,688
1,Alice Smith,Low,2024-01-07,Utilities,580
1,Alice Smith,Low,2024-01-08,Groceries,607
1,Alice Smith,Low,2024-01-08,Dining,1844
1,Alice Smith,Low,2024-01-08,Travel,1185
1,Alice Smith,Low,2024-01-08,Shopping,845
1,Alice Smith,Low,2024-01-08,Entertainment,827
1,Alice Smith,Low,2024-01-08,Healthcare,1054
1,Alice Smith,Low,2024-01-08,Electronics,801
1,Alice Smith,Low,2024-01-08,Utilities,699
1,Alice Smith,Low,2024-01-09,Groceries,1392
1,Alice Smith,Low,2024-01-09,Dining,1942
1,Alice Smith,Low,2024-01-09,Travel,1562
1,Alice Smith,Low,2024-01-09,Shopping,806
1,Alice Smith,Low,2024-01-09,Entertainment,1527
1,Alice Smith,Low,2024-01-09,Healthcare,1600
1,Alice Smith,Low,2024-01-09,Electronics,967
1,Alice Smith,Low,2024-01-09,Utilities,678
1,Alice Smith,Low,2024-01-10,Groceries,1144
1,Alice Smith,Low,2024-01-10,Dining,775
1,Alice Smith,Low,2024-01-10,Travel,1675
1,Alice Smith,Low,2024-01-10,Shopping,1687
1,Alice Smith,Low,2024-01-10,Entertainment,1813
1,Alice Smith,Low,2024-01-10,Healthcare,1901
1,Alice Smith,Low,2024-01-10,Electronics,1120
1,Alice Smith,Low,2024-01-10,Utilities,1137
1,Alice Smith,Low,2024-01-11,Groceries,1833
1,Alice Smith,Low,2024-01-11,Dining,1429
1,Alice Smith,Low,2024-01-11,Travel,1912
1,Alice Smith,Low,2024-01-11,Shopping,682
1,Alice Smith,Low,2024-01-11,Entertainment,1829
1,Alice Smith,Low,2024-01-11,Healthcare,571
1,Alice Smith,Low,2024-01-11,Electronics,1742
1,Alice Smith,Low,2024-01-11,Utilities,1218
1,Alice Smith,Low,2024-01-12,Groceries,1696
1,Alice Smith,Low,2024-01-12,Dining,1795
1,Alice Smith,Low,2024-01-12,Travel,1225
1,Alice Smith,Low,2024-01-12,Shopping,1991
1,Alice Smith,Low,2024-01-12,Entertainment,768
1,Alice Smith,Low,2024-01-12,Healthcare,1543
1,Alice Smith,Low,2024-01-12,Electronics,1077
1,Alice Smith,Low,2024-01-12,Utilities,1494
1,Alice Smith,Low,2024-01-13,Groceries,1314
1,Alice Smith,Low,2024-01-13,Dining,646
1,Alice Smith,Low,2024-01-13,Travel,1952
1,Alice Smith,Low,2024-01-13,Shopping,1688
1,Alice Smith,Low,2024-01-13,Entertainment,1389
1,Alice Smith,Low,2024-01-13,Healthcare,809
1,Alice Smith,Low,2024-01-13,Electronics,1017
1,Alice Smith,Low,2024-01-13,Utilities,513
1,Alice Smith,Low,2024-01-14,Groceries,631
1,Alice Smith,Low,2024-01-14,Dining,1254
1,Alice Smith,Low,2024-01-14,Travel,938
1,Alice Smith,Low,2024-01-14,Shopping,1242
1,Alice Smith,Low,2024-01-14,Entertainment,1239
1,Alice Smith,Low,2024-01-14,Healthcare,1294
1,Alice Smith,Low,2024-01-14,Electronics,762
1,Alice Smith,Low,2024-01-14,Utilities,1142
1,Alice Smith,Low,2024-01-15,Groceries,1748
1,Alice Smith,Low,2024-01-15,Dining,757
1,Alice Smith,Low,2024-01-15,Travel,1757
1,Alice Smith,Low,2024-01-15,Shopping,1859
1,Alice Smith,Low,2024-01-15,Entertainment,908
1,Alice Smith,Low,2024-01-15,Healthcare,1474
1,Alice Smith,Low,2024-01-15,Electronics,1547
1,Alice Smith,Low,2024-01-15,Utilities,770
1,Alice Smith,Low,2024-01-16,Groceries,1618
1,Alice Smith,Low,2024-01-16,Dining,641
1,Alice Smith,Low,2024-01-16,Travel,1401
1,Alice Smith,Low,2024-01-16,Shopping,1473
1,Alice Smith,Low,2024-01-16,Entertainment,1604
1,Alice Smith,Low,2024-01-16,Healthcare,773
1,Alice Smith,Low,2024-01-16,Electronics,775
1,Alice Smith,Low,2024-01-16,Utilities,964
1,Alice Smith,Low,2024-01-17,Groceries,1731
1,Alice Smith,Low,2024-01-17,Dining,1819
1,Alice Smith,Low,2024-01-17,Travel,1562
1,Alice Smith,Low,2024-01-17,Shopping,787
1,Alice Smith,Low,2024-01-17,Entertainment,1647
1,Alice Smith,Low,2024-01-17,Healthcare,1375
1,Alice Smith,Low,2024-01-17,Electronics,1806
1,Alice Smith,Low,2024-01-17,Utilities,1377
1,Alice Smith,Low,2024-01-18,Groceries,679
1,Alice Smith,Low,2024-01-18,Dining,1620
1,Alice Smith,Low,2024-01-18,Travel,1714
1,Alice Smith,Low,2024-01-18,Shopping,1597
1,Alice Smith,Low,2024-01-18,Entertainment,946
1,Alice Smith,Low,2024-01-18,Healthcare,1284
1,Alice Smith,Low,2024-01-18,Electronics,1060
1,Alice Smith,Low,2024-01-18,Utilities,983
1,Alice Smith,Low,2024-01-19,Groceries,1348
1,Alice Smith,Low,2024-01-19,Dining,1221
1,Alice Smith,Low,2024-01-19,Travel,615
1,Alice Smith,Low,2024-01-19,Shopping,1034
1,Alice Smith,Low,2024-01-19,Entertainment,1621
1,Alice Smith,Low,2024-01-19,Healthcare,1851
1,Alice Smith,Low,2024-01-19,Electronics,906
1,Alice Smith,Low,2024-01-19,Utilities,1836
1,Alice Smith,Low,2024-01-20,Groceries,1193
1,Alice Smith,Low,2024-01-20,Dining,1671
1,Alice Smith,Low,2024-01-20,Travel,1865
1,Alice Smith,Low,2024-01-20,Shopping,994
1,Alice Smith,Low,2024-01-20,Entertainment,1447
1,Alice Smith,Low,2024-01-20,Healthcare,522
1,Alice Smith,Low,2024-01-20,Electronics,1628
1,Alice Smith,Low,2024-01-20,Utilities,1057
1,Alice Smith,Low,2024-01-21,Groceries,1440
1,Alice Smith,Low,2024-01-21,Dining,1745
1,Alice Smith,Low,2024-01-21,Travel,1354
1,Alice Smith,Low,2024-01-21,Shopping,1538
1,Alice Smith,Low,2024-01-21,Entertainment,1390
1,Alice Smith,Low,2024-01-21,Healthcare,577
1,Alice Smith,Low,2024-01-21,Electronics,1845
1,Alice Smith,Low,2024-01-21,Utilities,1306
1,Alice Smith,Low,2024-01-22,Groceries,1764
1,Alice Smith,Low,2024-01-22,Dining,1541
1,Alice Smith,Low,2024-01-22,Travel,1267
1,Alice Smith,Low,2024-01-22,Shopping,953
1,Alice Smith,Low,2024-01-22,Entertainment,1966
1,Alice Smith,Low,2024-01-22,Healthcare,1427
1,Alice Smith,Low,2024-01-22,Electronics,776
1,Alice Smith,Low,2024-01-22,Utilities,1947
1,Alice Smith,Low,2024-01-23,Groceries,1999
1,Alice Smith,Low,2024-01-23,Dining,1550
1,Alice Smith,Low,2024-01-23,Travel,1013
1,Alice Smith,Low,2024-01-23,Shopping,963
1,Alice Smith,Low,2024-01-23,Entertainment,1306
1,Alice Smith,Low,2024-01-23,Healthcare,1323
1,Alice Smith,Low,2024-01-23,Electronics,862
1,Alice Smith,Low,2024-01-23,Utilities,1906
1,Alice Smith,Low,2024-01-24,Groceries,1250
1,Alice Smith,Low,2024-01-24,Dining,1024
1,Alice Smith,Low,2024-01-24,Travel,1905
1,Alice Smith,Low,2024-01-24,Shopping,1707
1,Alice Smith,Low,2024-01-24,Entertainment,1717
1,Alice Smith,Low,2024-01-24,Healthcare,1985
1,Alice Smith,Low,2024-01-24,Electronics,555
1,Alice Smith,Low,2024-01-24,Utilities,1753
1,Alice Smith,Low,2024-01-25,Groceries,988
1,Alice Smith,Low,2024-01-25,Dining,1551
1,Alice Smith,Low,2024-01-25,Travel,1221
1,Alice Smith,Low,2024-01-25,Shopping,1707
1,Alice Smith,Low,2024-01-25,Entertainment,1948
1,Alice Smith,Low,2024-01-25,Healthcare,1898
1,Alice Smith,Low,2024-01-25,Electronics,540
1,Alice Smith,Low,2024-01-25,Utilities,1503
1,Alice Smith,Low,2024-01-26,Groceries,759
1,Alice Smith,Low,2024-01-26,Dining,940
1,Alice Smith,Low,2024-01-26,Travel,1425
1,Alice Smith,Low,2024-01-26,Shopping,1355
1,Alice Smith,Low,2024-01-26,Entertainment,583
1,Alice Smith,Low,2024-01-26,Healthcare,545
1,Alice Smith,Low,2024-01-26,Electronics,939
1,Alice Smith,Low,2024-01-26,Utilities,1485
1,Alice Smith,Low,2024-01-27,Groceries,1961
1,Alice Smith,Low,2024-01-27,Dining,635
1,Alice Smith,Low,2024-01-27,Travel,1706
1,Alice Smith,Low,2024-01-27,Shopping,1695
1,Alice Smith,Low,2024-01-27,Entertainment,1408
1,Alice Smith,Low,2024-01-27,Healthcare,1360
1,Alice Smith,Low,2024-01-27,Electronics,1287
1,Alice Smith,Low,2024-01-27,Utilities,1089
1,Alice Smith,Low,2024-01-28,Groceries,1455
1,Alice Smith,Low,2024-01-28,Dining,1189
1,Alice Smith,Low,2024-01-28,Travel,1038
1,Alice Smith,Low,2024-01-28,Shopping,1643
1,Alice Smith,Low,2024-01-28,Entertainment,1804
1,Alice Smith,Low,2024-01-28,Healthcare,1831
1,Alice Smith,Low,2024-01-28,Electronics,1207
1,Alice Smith,Low,2024-01-28,Utilities,1800
1,Alice Smith,Low,2024-01-29,Groceries,794
1,Alice Smith,Low,2024-01-29,Dining,552
1,Alice Smith,Low,2024-01-29,Travel,1305
1,Alice Smith,Low,2024-01-29,Shopping,1955
1,Alice Smith,Low,2024-01-29,Entertainment,551
1,Alice Smith,Low,2024-01-29,Healthcare,1227
1,Alice Smith,Low,2024-01-29,Electronics,571
1,Alice Smith,Low,2024-01-29,Utilities,527
1,Alice Smith,Low,2024-01-30,Groceries,968
1,Alice Smith,Low,2024-01-30,Dining,1263
1,Alice Smith,Low,2024-01-30,Travel,1385
1,Alice Smith,Low,2024-01-30,Shopping,1411
1,Alice Smith,Low,2024-01-30,Entertainment,1046
1,Alice Smith,Low,2024-01-30,Healthcare,1924
1,Alice Smith,Low,2024-01-30,Electronics,700
1,Alice Smith,Low,2024-01-30,Utilities,1319
1,Alice Smith,Low,2024-01-31,Groceries,1989
1,Alice Smith,Low,2024-01-31,Dining,1059
1,Alice Smith,Low,2024-01-31,Travel,878
1,Alice Smith,Low,2024-01-31,Shopping,1700
1,Alice Smith,Low,2024-01-31,Entertainment,1575
1,Alice Smith,Low,2024-01-31,Healthcare,578
1,Alice Smith,Low,2024-01-31,Electronics,1908
1,Alice Smith,Low,2024-01-31,Utilities,1333
1,Alice Smith,Low,2024-02-01,Groceries,1531
1,Alice Smith,Low,2024-02-01,Dining,1737
1,Alice Smith,Low,2024-02-01,Travel,524
1,Alice Smith,Low,2024-02-01,Shopping,949
1,Alice Smith,Low,2024-02-01,Entertainment,1267
1,Alice Smith,Low,2024-02-01,Healthcare,1254
1,Alice Smith,Low,2024-02-01,Electronics,1980
1,Alice Smith,Low,2024-02-01,Utilities,1984
1,Alice Smith,Low,2024-02-02,Groceries,697
1,Alice Smith,Low,2024-02-02,Dining,1617
1,Alice Smith,Low,2024-02-02,Travel,936
1,Alice Smith,Low,2024-02-02,Shopping,1189
1,Alice Smith,Low,2024-02-02,Entertainment,1901
1,Alice Smith,Low,2024-02-02,Healthcare,1086
1,Alice Smith,Low,2024-02-02,Electronics,603
1,Alice Smith,Low,2024-02-02,Utilities,1126
1,Alice Smith,Low,2024-02-03,Groceries,1562
1,Alice Smith,Low,2024-02-03,Dining,957
1,Alice Smith,Low,2024-02-03,Travel,863
1,Alice Smith,Low,2024-02-03,Shopping,634
1,Alice Smith,Low,2024-02-03,Entertainment,873
1,Alice Smith,Low,2024-02-03,Healthcare,1755
1,Alice Smith,Low,2024-02-03,Electronics,538
1,Alice Smith,Low,2024-02-03,Utilities,1318
1,Alice Smith,Low,2024-02-04,Groceries,546
1,Alice Smith,Low,2024-02-04,Dining,535
1,Alice Smith,Low,2024-02-04,Travel,594
1,Alice Smith,Low,2024-02-04,Shopping,1484
1,Alice Smith,Low,2024-02-04,Entertainment,1884
1,Alice Smith,Low,2024-02-04,Healthcare,1669
1,Alice Smith,Low,2024-02-04,Electronics,867
1,Alice Smith,Low,2024-02-04,Utilities,564
1,Alice Smith,Low,2024-02-05,Groceries,1751
1,Alice Smith,Low,2024-02-05,Dining,1253
1,Alice Smith,Low,2024-02-05,Travel,1315
1,Alice Smith,Low,2024-02-05,Shopping,1255
1,Alice Smith,Low,2024-02-05,Entertainment,680
1,Alice Smith,Low,2024-02-05,Healthcare,1096
1,Alice Smith,Low,2024-02-05,Electronics,1678
1,Alice Smith,Low,2024-02-05,Utilities,1286
1,Alice Smith,Low,2024-02-06,Groceries,1126
1,Alice Smith,Low,2024-02-06,Dining,1958
1,Alice Smith,Low,2024-02-06,Travel,1622
1,Alice Smith,Low,2024-02-06,Shopping,1115
1,Alice Smith,Low,2024-02-06,Entertainment,1895
1,Alice Smith,Low,2024-02-06,Healthcare,1885
1,Alice Smith,Low,2024-02-06,Electronics,611
1,Alice Smith,Low,2024-02-06,Utilities,952
1,Alice Smith,Low,2024-02-07,Groceries,1255
1,Alice Smith,Low,2024-02-07,Dining,1692
1,Alice Smith,Low,2024-02-07,Travel,1083
1,Alice Smith,Low,2024-02-07,Shopping,638
1,Alice Smith,Low,2024-02-07,Entertainment,730
1,Alice Smith,Low,2024-02-07,Healthcare,1762
1,Alice Smith,Low,2024-02-07,Electronics,1483
1,Alice Smith,Low,2024-02-07,Utilities,752
1,Alice Smith,Low,2024-02-08,Groceries,1959
1,Alice Smith,Low,2024-02-08,Dining,1060
1,Alice Smith,Low,2024-02-08,Travel,1945
1,Alice Smith,Low,2024-02-08,Shopping,1826
1,Alice Smith,Low,2024-02-08,Entertainment,571
1,Alice Smith,Low,2024-02-08,Healthcare,1786
1,Alice Smith,Low,2024-02-08,Electronics,721
1,Alice Smith,Low,2024-02-08,Utilities,1600
1,Alice Smith,Low,2024-02-09,Groceries,561
1,Alice Smith,Low,2024-02-09,Dining,1994
1,Alice Smith,Low,2024-02-09,Travel,1680
1,Alice Smith,Low,2024-02-09,Shopping,1305
1,Alice Smith,Low,2024-02-09,Entertainment,624
1,Alice Smith,Low,2024-02-09,Healthcare,1240
1,Alice Smith,Low,2024-02-09,Electronics,660
1,Alice Smith,Low,2024-02-09,Utilities,1040
1,Alice Smith,Low,2024-02-10,Groceries,1125
1,Alice Smith,Low,2024-02-10,Dining,605
1,Alice Smith,Low,2024-02-10,Travel,1654
1,Alice Smith,Low,2024-02-10,Shopping,1880
1,Alice Smith,Low,2024-02-10,Entertainment,1275
1,Alice Smith,Low,2024-02-10,Healthcare,501
1,Alice Smith,Low,2024-02-10,Electronics,732
1,Alice Smith,Low,2024-02-10,Utilities,868
1,Alice Smith,Low,2024-02-11,Groceries,1774
1,Alice Smith,Low,2024-02-11,Dining,1445
1,Alice Smith,Low,2024-02-11,Travel,1631
1,Alice Smith,Low,2024-02-11,Shopping,1799
1,Alice Smith,Low,2024-02-11,Entertainment,679
1,Alice Smith,Low,2024-02-11,Healthcare,792
1,Alice Smith,Low,2024-02-11,Electronics,1083
1,Alice Smith,Low,2024-02-11,Utilities,1294
1,Alice Smith,Low,2024-02-12,Groceries,674
1,Alice Smith,Low,2024-02-12,Dining,622
1,Alice Smith,Low,2024-02-12,Travel,726
1,Alice Smith,Low,2024-02-12,Shopping,943
1,Alice Smith,Low,2024-02-12,Entertainment,927
1,Alice Smith,Low,2024-02-12,Healthcare,1606
1,Alice Smith,Low,2024-02-12,Electronics,1264
1,Alice Smith,Low,2024-02-12,Utilities,1131
1,Alice Smith,Low,2024-02-13,Groceries,564
1,Alice Smith,Low,2024-02-13,Dining,1804
1,Alice Smith,Low,2024-02-13,Travel,1914
1,Alice Smith,Low,2024-02-13,Shopping,927
1,Alice Smith,Low,2024-02-13,Entertainment,1117
1,Alice Smith,Low,2024-02-13,Healthcare,1424
1,Alice Smith,Low,2024-02-13,Electronics,1311
1,Alice Smith,Low,2024-02-13,Utilities,606
1,Alice Smith,Low,2024-02-14,Groceries,1158
1,Alice Smith,Low,2024-02-14,Dining,1785
1,Alice Smith,Low,2024-02-14,Travel,1682
1,Alice Smith,Low,2024-02-14,Shopping,764
1,Alice Smith,Low,2024-02-14,Entertainment,1991
1,Alice Smith,Low,2024-02-14,Healthcare,1725
1,Alice Smith,Low,2024-02-14,Electronics,654
1,Alice Smith,Low,2024-02-14,Utilities,1536
1,Alice Smith,Low,2024-02-15,Groceries,1820
1,Alice Smith,Low,2024-02-15,Dining,1395
1,Alice Smith,Low,2024-02-15,Travel,1492
1,Alice Smith,Low,2024-02-15,Shopping,744
1,Alice Smith,Low,2024-02-15,Entertainment,1823
1,Alice Smith,Low,2024-02-15,Healthcare,1885
1,Alice Smith,Low,2024-02-15,Electronics,1877
1,Alice Smith,Low,2024-02-15,Utilities,885
1,Alice Smith,Low,2024-02-16,Groceries,1258
1,Alice Smith,Low,2024-02-16,Dining,1835
1,Alice Smith,Low,2024-02-16,Travel,913
1,Alice Smith,Low,2024-02-16,Shopping,1801
1,Alice Smith,Low,2024-02-16,Entertainment,1214
1,Alice Smith,Low,2024-02-16,Healthcare,1258
1,Alice Smith,Low,2024-02-16,Electronics,1246
1,Alice Smith,Low,2024-02-16,Utilities,1092
1,Alice Smith,Low,2024-02-17,Groceries,1879
1,Alice Smith,Low,2024-02-17,Dining,1338
1,Alice Smith,Low,2024-02-17,Travel,515
1,Alice Smith,Low,2024-02-17,Shopping,1492
1,Alice Smith,Low,2024-02-17,Entertainment,1568
1,Alice Smith,Low,2024-02-17,Healthcare,1844
1,Alice Smith,Low,2024-02-17,Electronics,1150
1,Alice Smith,Low,2024-02-17,Utilities,1849
1,Alice Smith,Low,2024-02-18,Groceries,647
1,Alice Smith,Low,2024-02-18,Dining,854
1,Alice Smith,Low,2024-02-18,Travel,1759
1,Alice Smith,Low,2024-02-18,Shopping,1202
1,Alice Smith,Low,2024-02-18,Entertainment,1112
1,Alice Smith,Low,2024-02-18,Healthcare,604
1,Alice Smith,Low,2024-02-18,Electronics,1997
1,Alice Smith,Low,2024-02-18,Utilities,895
1,Alice Smith,Low,2024-02-19,Groceries,1969
1,Alice Smith,Low,2024-02-19,Dining,1105
1,Alice Smith,Low,2024-02-19,Travel,1743
1,Alice Smith,Low,2024-02-19,Shopping,1350
1,Alice Smith,Low,2024-02-19,Entertainment,941
1,Alice Smith,Low,2024-02-19,Healthcare,1372
1,Alice Smith,Low,2024-02-19,Electronics,1166
1,Alice Smith,Low,2024-02-19,Utilities,1551
1,Alice Smith,Low,2024-02-20,Groceries,1293
1,Alice Smith,Low,2024-02-20,Dining,974
1,Alice Smith,Low,2024-02-20,Travel,1127
1,Alice Smith,Low,2024-02-20,Shopping,1828
1,Alice Smith,Low,2024-02-20,Entertainment,1928
1,Alice Smith,Low,2024-02-20,Healthcare,1001
1,Alice Smith,Low,2024-02-20,Electronics,847
1,Alice Smith,Low,2024-02-20,Utilities,1763
1,Alice Smith,Low,2024-02-21,Groceries,1517
1,Alice Smith,Low,2024-02-21,Dining,1069
1,Alice Smith,Low,2024-02-21,Travel,1194
1,Alice Smith,Low,2024-02-21,Shopping,1860
1,Alice Smith,Low,2024-02-21,Entertainment,525
1,Alice Smith,Low,2024-02-21,Healthcare,1932
1,Alice Smith,Low,2024-02-21,Electronics,1600
1,Alice Smith,Low,2024-02-21,Utilities,716
1,Alice Smith,Low,2024-02-22,Groceries,1851
1,Alice Smith,Low,2024-02-22,Dining,1336
1,Alice Smith,Low,2024-02-22,Travel,1273
1,Alice Smith,Low,2024-02-22,Shopping,1546
1,Alice Smith,Low,2024-02-22,Entertainment,1169
1,Alice Smith,Low,2024-02-22,Healthcare,1217
1,Alice Smith,Low,2024-02-22,Electronics,809
1,Alice Smith,Low,2024-02-22,Utilities,1098
1,Alice Smith,Low,2024-02-23,Groceries,766
1,Alice Smith,Low,2024-02-23,Dining,1938
1,Alice Smith,Low,2024-02-23,Travel,1145
1,Alice Smith,Low,2024-02-23,Shopping,1790
1,Alice Smith,Low,2024-02-23,Entertainment,1856
1,Alice Smith,Low,2024-02-23,Healthcare,1522
1,Alice Smith,Low,2024-02-23,Electronics,949
1,Alice Smith,Low,2024-02-23,Utilities,1064
1,Alice Smith,Low,2024-02-24,Groceries,1770
1,Alice Smith,Low,2024-02-24,Dining,1559
1,Alice Smith,Low,2024-02-24,Travel,1924
1,Alice Smith,Low,2024-02-24,Shopping,527
1,Alice Smith,Low,2024-02-24,Entertainment,719
1,Alice Smith,Low,2024-02-24,Healthcare,905
1,Alice Smith,Low,2024-02-24,Electronics,770
1,Alice Smith,Low,2024-02-24,Utilities,1291
1,Alice Smith,Low,2024-02-25,Groceries,1462
1,Alice Smith,Low,2024-02-25,Dining,1809
1,Alice Smith,Low,2024-02-25,Travel,1977
1,Alice Smith,Low,2024-02-25,Shopping,1333
1,Alice Smith,Low,2024-02-25,Entertainment,816
1,Alice Smith,Low,2024-02-25,Healthcare,1820
1,Alice Smith,Low,2024-02-25,Electronics,837
1,Alice Smith,Low,2024-02-25,Utilities,1830
1,Alice Smith,Low,2024-02-26,Groceries,1951
1,Alice Smith,Low,2024-02-26,Dining,850
1,Alice Smith,Low,2024-02-26,Travel,1010
1,Alice Smith,Low,2024-02-26,Shopping,1024
1,Alice Smith,Low,2024-02-26,Entertainment,991
1,Alice Smith,Low,2024-02-26,Healthcare,508
1,Alice Smith,Low,2024-02-26,Electronics,1060
1,Alice Smith,Low,2024-02-26,Utilities,939
1,Alice Smith,Low,2024-02-27,Groceries,1291
1,Alice Smith,Low,2024-02-27,Dining,1631
1,Alice Smith,Low,2024-02-27,Travel,1768
1,Alice Smith,Low,2024-02-27,Shopping,1778
1,Alice Smith,Low,2024-02-27,Entertainment,532
1,Alice Smith,Low,2024-02-27,Healthcare,1546
1,Alice Smith,Low,2024-02-27,Electronics,1344
1,Alice Smith,Low,2024-02-27,Utilities,1065
1,Alice Smith,Low,2024-02-28,Groceries,548
1,Alice Smith,Low,2024-02-28,Dining,961
1,Alice Smith,Low,2024-02-28,Travel,1089
1,Alice Smith,Low,2024-02-28,Shopping,835
1,Alice Smith,Low,2024-02-28,Entertainment,1881
1,Alice Smith,Low,2024-02-28,Healthcare,1645
1,Alice Smith,Low,2024-02-28,Electronics,1967
1,Alice Smith,Low,2024-02-28,Utilities,858
1,Alice Smith,Low,2024-02-29,Groceries,845
1,Alice Smith,Low,2024-02-29,Dining,692
1,Alice Smith,Low,2024-02-29,Travel,1939
1,Alice Smith,Low,2024-02-29,Shopping,1900
1,Alice Smith,Low,2024-02-29,Entertainment,1986
1,Alice Smith,Low,2024-02-29,Healthcare,1255
1,Alice Smith,Low,2024-02-29,Electronics,1669
1,Alice Smith,Low,2024-02-29,Utilities,977
1,Alice Smith,Low,2024-03-01,Groceries,1327
1,Alice Smith,Low,2024-03-01,Dining,1389
1,Alice Smith,Low,2024-03-01,Travel,1152
1,Alice Smith,Low,2024-03-01,Shopping,907
1,Alice Smith,Low,2024-03-01,Entertainment,785
1,Alice Smith,Low,2024-03-01,Healthcare,1350
1,Alice Smith,Low,2024-03-01,Electronics,610
1,Alice Smith,Low,2024-03-01,Utilities,1119
1,Alice Smith,Low,2024-03-02,Groceries,1292
1,Alice Smith,Low,2024-03-02,Dining,549
1,Alice Smith,Low,2024-03-02,Travel,1537
1,Alice Smith,Low,2024-03-02,Shopping,1657
1,Alice Smith,Low,2024-03-02,Entertainment,1087
1,Alice Smith,Low,2024-03-02,Healthcare,1095
1,Alice Smith,Low,2024-03-02,Electronics,1866
1,Alice Smith,Low,2024-03-02,Utilities,1169
1,Alice Smith,Low,2024-03-03,Groceries,1809
1,Alice Smith,Low,2024-03-03,Dining,813
1,Alice Smith,Low,2024-03-03,Travel,1105
1,Alice Smith,Low,2024-03-03,Shopping,796
1,Alice Smith,Low,2024-03-03,Entertainment,1068
1,Alice Smith,Low,2024-03-03,Healthcare,1687
1,Alice Smith,Low,2024-03-03,Electronics,1331
1,Alice Smith,Low,2024-03-03,Utilities,1109
1,Alice Smith,Low,2024-03-04,Groceries,515
1,Alice Smith,Low,2024-03-04,Dining,1867
1,Alice Smith,Low,2024-03-04,Travel,1601
1,Alice Smith,Low,2024-03-04,Shopping,1869
1,Alice Smith,Low,2024-03-04,Entertainment,571
1,Alice Smith,Low,2024-03-04,Healthcare,769
1,Alice Smith,Low,2024-03-04,Electronics,786
1,Alice Smith,Low,2024-03-04,Utilities,565
1,Alice Smith,Low,2024-03-05,Groceries,1379
1,Alice Smith,Low,2024-03-05,Dining,567
1,Alice Smith,Low,2024-03-05,Travel,1716
1,Alice Smith,Low,2024-03-05,Shopping,1578
1,Alice Smith,Low,2024-03-05,Entertainment,1479
1,Alice Smith,Low,2024-03-05,Healthcare,1902
1,Alice Smith,Low,2024-03-05,Electronics,1473
1,Alice Smith,Low,2024-03-05,Utilities,1691
1,Alice Smith,Low,2024-03-06,Groceries,1932
1,Alice Smith,Low,2024-03-06,Dining,1007
1,Alice Smith,Low,2024-03-06,Travel,1336
1,Alice Smith,Low,2024-03-06,Shopping,1625
1,Alice Smith,Low,2024-03-06,Entertainment,1385
1,Alice Smith,Low,2024-03-06,Healthcare,1293
1,Alice Smith,Low,2024-03-06,Electronics,921
1,Alice Smith,Low,2024-03-06,Utilities,1274
1,Alice Smith,Low,2024-03-07,Groceries,977
1,Alice Smith,Low,2024-03-07,Dining,1425
1,Alice Smith,Low,2024-03-07,Travel,619
1,Alice Smith,Low,2024-03-07,Shopping,1814
1,Alice Smith,Low,2024-03-07,Entertainment,987
1,Alice Smith,Low,2024-03-07,Healthcare,1684
1,Alice Smith,Low,2024-03-07,Electronics,577
1,Alice Smith,Low,2024-03-07,Utilities,1561
1,Alice Smith,Low,2024-03-08,Groceries,1917
1,Alice Smith,Low,2024-03-08,Dining,940
1,Alice Smith,Low,2024-03-08,Travel,961
1,Alice Smith,Low,2024-03-08,Shopping,1111
1,Alice Smith,Low,2024-03-08,Entertainment,1817
1,Alice Smith,Low,2024-03-08,Healthcare,1923
1,Alice Smith,Low,2024-03-08,Electronics,1416
1,Alice Smith,Low,2024-03-08,Utilities,1615
1,Alice Smith,Low,2024-03-09,Groceries,1108
1,Alice Smith,Low,2024-03-09,Dining,505
1,Alice Smith,Low,2024-03-09,Travel,1180
1,Alice Smith,Low,2024-03-09,Shopping,1394
1,Alice Smith,Low,2024-03-09,Entertainment,770
1,Alice Smith,Low,2024-03-09,Healthcare,1310
1,Alice Smith,Low,2024-03-09,Electronics,1058
1,Alice Smith,Low,2024-03-09,Utilities,598
1,Alice Smith,Low,2024-03-10,Groceries,1025
1,Alice Smith,Low,2024-03-10,Dining,693
1,Alice Smith,Low,2024-03-10,Travel,1680
1,Alice Smith,Low,2024-03-10,Shopping,1638
1,Alice Smith,Low,2024-03-10,Entertainment,895
1,Alice Smith,Low,2024-03-10,Healthcare,1269
1,Alice Smith,Low,2024-03-10,Electronics,1523
1,Alice Smith,Low,2024-03-10,Utilities,1379
1,Alice Smith,Low,2024-03-11,Groceries,1737
1,Alice Smith,Low,2024-03-11,Dining,1244
1,Alice Smith,Low,2024-03-11,Travel,1182
1,Alice Smith,Low,2024-03-11,Shopping,514
1,Alice Smith,Low,2024-03-11,Entertainment,1942
1,Alice Smith,Low,2024-03-11,Healthcare,867
1,Alice Smith,Low,2024-03-11,Electronics,1137
1,Alice Smith,Low,2024-03-11,Utilities,1352
1,Alice Smith,Low,2024-03-12,Groceries,1736
1,Alice Smith,Low,2024-03-12,Dining,1199
1,Alice Smith,Low,2024-03-12,Travel,504
1,Alice Smith,Low,2024-03-12,Shopping,730
1,Alice Smith,Low,2024-03-12,Entertainment,1724
1,Alice Smith,Low,2024-03-12,Healthcare,1925
1,Alice Smith,Low,2024-03-12,Electronics,1672
1,Alice Smith,Low,2024-03-12,Utilities,1511
1,Alice Smith,Low,2024-03-13,Groceries,1749
1,Alice Smith,Low,2024-03-13,Dining,1085
1,Alice Smith,Low,2024-03-13,Travel,668
1,Alice Smith,Low,2024-03-13,Shopping,1260
1,Alice Smith,Low,2024-03-13,Entertainment,1291
1,Alice Smith,Low,2024-03-13,Healthcare,1499
1,Alice Smith,Low,2024-03-13,Electronics,651
1,Alice Smith,Low,2024-03-13,Utilities,1515
1,Alice Smith,Low,2024-03-14,Groceries,723
1,Alice Smith,Low,2024-03-14,Dining,1003
1,Alice Smith,Low,2024-03-14,Travel,543
1,Alice Smith,Low,2024-03-14,Shopping,1196
1,Alice Smith,Low,2024-03-14,Entertainment,1003
1,Alice Smith,Low,2024-03-14,Healthcare,1764
1,Alice Smith,Low,2024-03-14,Electronics,1429
1,Alice Smith,Low,2024-03-14,Utilities,1342
1,Alice Smith,Low,2024-03-15,Groceries,850
1,Alice Smith,Low,2024-03-15,Dining,522
1,Alice Smith,Low,2024-03-15,Travel,1097
1,Alice Smith,Low,2024-03-15,Shopping,1566
1,Alice Smith,Low,2024-03-15,Entertainment,965
1,Alice Smith,Low,2024-03-15,Healthcare,539
1,Alice Smith,Low,2024-03-15,Electronics,802
1,Alice Smith,Low,2024-03-15,Utilities,674
1,Alice Smith,Low,2024-03-16,Groceries,1498
1,Alice Smith,Low,2024-03-16,Dining,1984
1,Alice Smith,Low,2024-03-16,Travel,1120
1,Alice Smith,Low,2024-03-16,Shopping,1716
1,Alice Smith,Low,2024-03-16,Entertainment,743
1,Alice Smith,Low,2024-03-16,Healthcare,1335
1,Alice Smith,Low,2024-03-16,Electronics,779
1,Alice Smith,Low,2024-03-16,Utilities,1559
1,Alice Smith,Low,2024-03-17,Groceries,1056
1,Alice Smith,Low,2024-03-17,Dining,1397
1,Alice Smith,Low,2024-03-17,Travel,1677
1,Alice Smith,Low,2024-03-17,Shopping,1546
1,Alice Smith,Low,2024-03-17,Entertainment,1218
1,Alice Smith,Low,2024-03-17,Healthcare,1431
1,Alice Smith,Low,2024-03-17,Electronics,590
1,Alice Smith,Low,2024-03-17,Utilities,889
1,Alice Smith,Low,2024-03-18,Groceries,1882
1,Alice Smith,Low,2024-03-18,Dining,1049
1,Alice Smith,Low,2024-03-18,Travel,1430
1,Alice Smith,Low,2024-03-18,Shopping,1751
1,Alice Smith,Low,2024-03-18,Entertainment,1725
1,Alice Smith,Low,2024-03-18,Healthcare,1873
1,Alice Smith,Low,2024-03-18,Electronics,1561
1,Alice Smith,Low,2024-03-18,Utilities,1232
1,Alice Smith,Low,2024-03-19,Groceries,999
1,Alice Smith,Low,2024-03-19,Dining,1566
1,Alice Smith,Low,2024-03-19,Travel,1370
1,Alice Smith,Low,2024-03-19,Shopping,1016
1,Alice Smith,Low,2024-03-19,Entertainment,567
1,Alice Smith,Low,2024-03-19,Healthcare,622
1,Alice Smith,Low,2024-03-19,Electronics,835
1,Alice Smith,Low,2024-03-19,Utilities,1676
1,Alice Smith,Low,2024-03-20,Groceries,1473
1,Alice Smith,Low,2024-03-20,Dining,1278
1,Alice Smith,Low,2024-03-20,Travel,1685
1,Alice Smith,Low,2024-03-20,Shopping,1737
1,Alice Smith,Low,2024-03-20,Entertainment,1899
1,Alice Smith,Low,2024-03-20,Healthcare,1966
1,Alice Smith,Low,2024-03-20,Electronics,922
1,Alice Smith,Low,2024-03-20,Utilities,1438
1,Alice Smith,Low,2024-03-21,Groceries,1303
1,Alice Smith,Low,2024-03-21,Dining,1133
1,Alice Smith,Low,2024-03-21,Travel,1753
1,Alice Smith,Low,2024-03-21,Shopping,1582
1,Alice Smith,Low,2024-03-21,Entertainment,595
1,Alice Smith,Low,2024-03-21,Healthcare,1785
1,Alice Smith,Low,2024-03-21,Electronics,853
1,Alice Smith,Low,2024-03-21,Utilities,1835
1,Alice Smith,Low,2024-03-22,Groceries,1659
1,Alice Smith,Low,2024-03-22,Dining,1466
1,Alice Smith,Low,2024-03-22,Travel,1422
1,Alice Smith,Low,2024-03-22,Shopping,972
1,Alice Smith,Low,2024-03-22,Entertainment,929
1,Alice Smith,Low,2024-03-22,Healthcare,1474
1,Alice Smith,Low,2024-03-22,Electronics,1036
1,Alice Smith,Low,2024-03-22,Utilities,1669
1,Alice Smith,Low,2024-03-23,Groceries,586
1,Alice Smith,Low,2024-03-23,Dining,608
1,Alice Smith,Low,2024-03-23,Travel,1946
1,Alice Smith,Low,2024-03-23,Shopping,1868
1,Alice Smith,Low,2024-03-23,Entertainment,1789
1,Alice Smith,Low,2024-03-23,Healthcare,1493
1,Alice Smith,Low,2024-03-23,Electronics,1856
1,Alice Smith,Low,2024-03-23,Utilities,1321
1,Alice Smith,Low,2024-03-24,Groceries,1936
1,Alice Smith,Low,2024-03-24,Dining,1436
1,Alice Smith,Low,2024-03-24,Travel,1504
1,Alice Smith,Low,2024-03-24,Shopping,1148
1,Alice Smith,Low,2024-03-24,Entertainment,690
1,Alice Smith,Low,2024-03-24,Healthcare,1432
1,Alice Smith,Low,2024-03-24,Electronics,641
1,Alice Smith,Low,2024-03-24,Utilities,1596
1,Alice Smith,Low,2024-03-25,Groceries,1339
1,Alice Smith,Low,2024-03-25,Dining,1690
1,Alice Smith,Low,2024-03-25,Travel,667
1,Alice Smith,Low,2024-03-25,Shopping,1065
1,Alice Smith,Low,2024-03-25,Entertainment,1782
1,Alice Smith,Low,2024-03-25,Healthcare,1962
1,Alice Smith,Low,2024-03-25,Electronics,1634
1,Alice Smith,Low,2024-03-25,Utilities,1243
1,Alice Smith,Low,2024-03-26,Groceries,1172
1,Alice Smith,Low,2024-03-26,Dining,1363
1,Alice Smith,Low,2024-03-26,Travel,1338
1,Alice Smith,Low,2024-03-26,Shopping,1030
1,Alice Smith,Low,2024-03-26,Entertainment,1813
1,Alice Smith,Low,2024-03-26,Healthcare,1473
1,Alice Smith,Low,2024-03-26,Electronics,1061
1,Alice Smith,Low,2024-03-26,Utilities,674
1,Alice Smith,Low,2024-03-27,Groceries,801
1,Alice Smith,Low,2024-03-27,Dining,684
1,Alice Smith,Low,2024-03-27,Travel,1862
1,Alice Smith,Low,2024-03-27,Shopping,1009
1,Alice Smith,Low,2024-03-27,Entertainment,1318
1,Alice Smith,Low,2024-03-27,Healthcare,1833
1,Alice Smith,Low,2024-03-27,Electronics,1869
1,Alice Smith,Low,2024-03-27,Utilities,1604
1,Alice Smith,Low,2024-03-28,Groceries,1897
1,Alice Smith,Low,2024-03-28,Dining,655
1,Alice Smith,Low,2024-03-28,Travel,1286
1,Alice Smith,Low,2024-03-28,Shopping,1294
1,Alice Smith,Low,2024-03-28,Entertainment,931
1,Alice Smith,Low,2024-03-28,Healthcare,1260
1,Alice Smith,Low,2024-03-28,Electronics,646
1,Alice Smith,Low,2024-03-28,Utilities,980
1,Alice Smith,Low,2024-03-29,Groceries,934
1,Alice Smith,Low,2024-03-29,Dining,568
1,Alice Smith,Low,2024-03-29,Travel,1374
1,Alice Smith,Low,2024-03-29,Shopping,685
1,Alice Smith,Low,2024-03-29,Entertainment,1403
1,Alice Smith,Low,2024-03-29,Healthcare,1181
1,Alice Smith,Low,2024-03-29,Electronics,703
1,Alice Smith,Low,2024-03-29,Utilities,1053
1,Alice Smith,Low,2024-03-30,Groceries,512
1,Alice Smith,Low,2024-03-30,Dining,1165
1,Alice Smith,Low,2024-03-30,Travel,1797
1,Alice Smith,Low,2024-03-30,Shopping,1821
1,Alice Smith,Low,2024-03-30,Entertainment,550
1,Alice Smith,Low,2024-03-30,Healthcare,999
1,Alice Smith,Low,2024-03-30,Electronics,868
1,Alice Smith,Low,2024-03-30,Utilities,1223
1,Alice Smith,Low,2024-03-31,Groceries,856
1,Alice Smith,Low,2024-03-31,Dining,1526
1,Alice Smith,Low,2024-03-31,Travel,1777
1,Alice Smith,Low,2024-03-31,Shopping,1998
1,Alice Smith,Low,2024-03-31,Entertainment,1346
1,Alice Smith,Low,2024-03-31,Healthcare,755
1,Alice Smith,Low,2024-03-31,Electronics,1673
1,Alice Smith,Low,2024-03-31,Utilities,778
1,Alice Smith,Low,2024-04-01,Groceries,1582
1,Alice Smith,Low,2024-04-01,Dining,945
1,Alice Smith,Low,2024-04-01,Travel,612
1,Alice Smith,Low,2024-04-01,Shopping,1335
1,Alice Smith,Low,2024-04-01,Entertainment,1254
1,Alice Smith,Low,2024-04-01,Healthcare,1930
1,Alice Smith,Low,2024-04-01,Electronics,866
1,Alice Smith,Low,2024-04-01,Utilities,1583
1,Alice Smith,Low,2024-04-02,Groceries,828
1,Alice Smith,Low,2024-04-02,Dining,1227
1,Alice Smith,Low,2024-04-02,Travel,1992
1,Alice Smith,Low,2024-04-02,Shopping,1505
1,Alice Smith,Low,2024-04-02,Entertainment,1219
1,Alice Smith,Low,2024-04-02,Healthcare,1586
1,Alice Smith,Low,2024-04-02,Electronics,683
1,Alice Smith,Low,2024-04-02,Utilities,1522
1,Alice Smith,Low,2024-04-03,Groceries,810
1,Alice Smith,Low,2024-04-03,Dining,676
1,Alice Smith,Low,2024-04-03,Travel,1952
1,Alice Smith,Low,2024-04-03,Shopping,1596
1,Alice Smith,Low,2024-04-03,Entertainment,1346
1,Alice Smith,Low,2024-04-03,Healthcare,1690
1,Alice Smith,Low,2024-04-03,Electronics,1748
1,Alice Smith,Low,2024-04-03,Utilities,508
1,Alice Smith,Low,2024-04-04,Groceries,735
1,Alice Smith,Low,2024-04-04,Dining,1209
1,Alice Smith,Low,2024-04-04,Travel,1423
1,Alice Smith,Low,2024-04-04,Shopping,1184
1,Alice Smith,Low,2024-04-04,Entertainment,1293
1,Alice Smith,Low,2024-04-04,Healthcare,1551
1,Alice Smith,Low,2024-04-04,Electronics,1307
1,Alice Smith,Low,2024-04-04,Utilities,526
1,Alice Smith,Low,2024-04-05,Groceries,1049
1,Alice Smith,Low,2024-04-05,Dining,1719
1,Alice Smith,Low,2024-04-05,Travel,1726
1,Alice Smith,Low,2024-04-05,Shopping,584
1,Alice Smith,Low,2024-04-05,Entertainment,1553
1,Alice Smith,Low,2024-04-05,Healthcare,965
1,Alice Smith,Low,2024-04-05,Electronics,1622
1,Alice Smith,Low,2024-04-05,Utilities,1713
1,Alice Smith,Low,2024-04-06,Groceries,511
1,Alice Smith,Low,2024-04-06,Dining,1512
1,Alice Smith,Low,2024-04-06,Travel,1553
1,Alice Smith,Low,2024-04-06,Shopping,1561
1,Alice Smith,Low,2024-04-06,Entertainment,1071
1,Alice Smith,Low,2024-04-06,Healthcare,1817
1,Alice Smith,Low,2024-04-06,Electronics,1883
1,Alice Smith,Low,2024-04-06,Utilities,1413
1,Alice Smith,Low,2024-04-07,Groceries,679
1,Alice Smith,Low,2024-04-07,Dining,1296
1,Alice Smith,Low,2024-04-07,Travel,1635
1,Alice Smith,Low,2024-04-07,Shopping,1967
1,Alice Smith,Low,2024-04-07,Entertainment,1544
1,Alice Smith,Low,2024-04-07,Healthcare,1668
1,Alice Smith,Low,2024-04-07,Electronics,1669
1,Alice Smith,Low,2024-04-07,Utilities,940
1,Alice Smith,Low,2024-04-08,Groceries,1386
1,Alice Smith,Low,2024-04-08,Dining,920
1,Alice Smith,Low,2024-04-08,Travel,1839
1,Alice Smith,Low,2024-04-08,Shopping,1689
1,Alice Smith,Low,2024-04-08,Entertainment,1726
1,Alice Smith,Low,2024-04-08,Healthcare,967
1,Alice Smith,Low,2024-04-08,Electronics,1212
1,Alice Smith,Low,2024-04-08,Utilities,884
1,Alice Smith,Low,2024-04-09,Groceries,813
1,Alice Smith,Low,2024-04-09,Dining,1270
1,Alice Smith,Low,2024-04-09,Travel,1778
1,Alice Smith,Low,2024-04-09,Shopping,1458
1,Alice Smith,Low,2024-04-09,Entertainment,1416
1,Alice Smith,Low,2024-04-09,Healthcare,522
1,Alice Smith,Low,2024-04-09,Electronics,838
1,Alice Smith,Low,2024-04-09,Utilities,1322
1,Alice Smith,Low,2024-04-10,Groceries,865
1,Alice Smith,Low,2024-04-10,Dining,1895
1,Alice Smith,Low,2024-04-10,Travel,1414
1,Alice Smith,Low,2024-04-10,Shopping,1742
1,Alice Smith,Low,2024-04-10,Entertainment,974
1,Alice Smith,Low,2024-04-10,Healthcare,1946
1,Alice Smith,Low,2024-04-10,Electronics,1879
1,Alice Smith,Low,2024-04-10,Utilities,1983
1,Alice Smith,Low,2024-04-11,Groceries,526
1,Alice Smith,Low,2024-04-11,Dining,1441
1,Alice Smith,Low,2024-04-11,Travel,1301
1,Alice Smith,Low,2024-04-11,Shopping,1300
1,Alice Smith,Low,2024-04-11,Entertainment,1359
1,Alice Smith,Low,2024-04-11,Healthcare,1746
1,Alice Smith,Low,2024-04-11,Electronics,1363
1,Alice Smith,Low,2024-04-11,Utilities,1189
1,Alice Smith,Low,2024-04-12,Groceries,1671
1,Alice Smith,Low,2024-04-12,Dining,1947
1,Alice Smith,Low,2024-04-12,Travel,1238
1,Alice Smith,Low,2024-04-12,Shopping,1874
1,Alice Smith,Low,2024-04-12,Entertainment,1709
1,Alice Smith,Low,2024-04-12,Healthcare,914
1,Alice Smith,Low,2024-04-12,Electronics,1481
1,Alice Smith,Low,2024-04-12,Utilities,928
1,Alice Smith,Low,2024-04-13,Groceries,540
1,Alice Smith,Low,2024-04-13,Dining,1404
1,Alice Smith,Low,2024-04-13,Travel,1511
1,Alice Smith,Low,2024-04-13,Shopping,1916
1,Alice Smith,Low,2024-04-13,Entertainment,1202
1,Alice Smith,Low,2024-04-13,Healthcare,578
1,Alice Smith,Low,2024-04-13,Electronics,1216
1,Alice Smith,Low,2024-04-13,Utilities,1043
1,Alice Smith,Low,2024-04-14,Groceries,1973
1,Alice Smith,Low,2024-04-14,Dining,973
1,Alice Smith,Low,2024-04-14,Travel,1665
1,Alice Smith,Low,2024-04-14,Shopping,1774
1,Alice Smith,Low,2024-04-14,Entertainment,793
1,Alice Smith,Low,2024-04-14,Healthcare,1109
1,Alice Smith,Low,2024-04-14,Electronics,635
1,Alice Smith,Low,2024-04-14,Utilities,983
1,Alice Smith,Low,2024-04-15,Groceries,1835
1,Alice Smith,Low,2024-04-15,Dining,1313
1,Alice Smith,Low,2024-04-15,Travel,1054
1,Alice Smith,Low,2024-04-15,Shopping,545
1,Alice Smith,Low,2024-04-15,Entertainment,1759
1,Alice Smith,Low,2024-04-15,Healthcare,1571
1,Alice Smith,Low,2024-04-15,Electronics,697
1,Alice Smith,Low,2024-04-15,Utilities,583
1,Alice Smith,Low,2024-04-16,Groceries,1042
1,Alice Smith,Low,2024-04-16,Dining,1684
1,Alice Smith,Low,2024-04-16,Travel,1951
1,Alice Smith,Low,2024-04-16,Shopping,570
1,Alice Smith,Low,2024-04-16,Entertainment,1019
1,Alice Smith,Low,2024-04-16,Healthcare,1397
1,Alice Smith,Low,2024-04-16,Electronics,1412
1,Alice Smith,Low,2024-04-16,Utilities,1575
1,Alice Smith,Low,2024-04-17,Groceries,1568
1,Alice Smith,Low,2024-04-17,Dining,792
1,Alice Smith,Low,2024-04-17,Travel,1437
1,Alice Smith,Low,2024-04-17,Shopping,1311
1,Alice Smith,Low,2024-04-17,Entertainment,1988
1,Alice Smith,Low,2024-04-17,Healthcare,1366
1,Alice Smith,Low,2024-04-17,Electronics,879
1,Alice Smith,Low,2024-04-17,Utilities,1506
1,Alice Smith,Low,2024-04-18,Groceries,761
1,Alice Smith,Low,2024-04-18,Dining,1079
1,Alice Smith,Low,2024-04-18,Travel,1702
1,Alice Smith,Low,2024-04-18,Shopping,856
1,Alice Smith,Low,2024-04-18,Entertainment,1942
1,Alice Smith,Low,2024-04-18,Healthcare,1197
1,Alice Smith,Low,2024-04-18,Electronics,1724
1,Alice Smith,Low,2024-04-18,Utilities,1536
1,Alice Smith,Low,2024-04-19,Groceries,942
1,Alice Smith,Low,2024-04-19,Dining,1225
1,Alice Smith,Low,2024-04-19,Travel,785
1,Alice Smith,Low,2024-04-19,Shopping,1781
1,Alice Smith,Low,2024-04-19,Entertainment,1069
1,Alice Smith,Low,2024-04-19,Healthcare,1339
1,Alice Smith,Low,2024-04-19,Electronics,997
1,Alice Smith,Low,2024-04-19,Utilities,1204
1,Alice Smith,Low,2024-04-20,Groceries,1856
1,Alice Smith,Low,2024-04-20,Dining,1061
1,Alice Smith,Low,2024-04-20,Travel,531
1,Alice Smith,Low,2024-04-20,Shopping,542
1,Alice Smith,Low,2024-04-20,Entertainment,1874
1,Alice Smith,Low,2024-04-20,Healthcare,1857
1,Alice Smith,Low,2024-04-20,Electronics,1058
1,Alice Smith,Low,2024-04-20,Utilities,769
1,Alice Smith,Low,2024-04-21,Groceries,1936
1,Alice Smith,Low,2024-04-21,Dining,1442
1,Alice Smith,Low,2024-04-21,Travel,1542
1,Alice Smith,Low,2024-04-21,Shopping,1870
1,Alice Smith,Low,2024-04-21,Entertainment,536
1,Alice Smith,Low,2024-04-21,Healthcare,591
1,Alice Smith,Low,2024-04-21,Electronics,684
1,Alice Smith,Low,2024-04-21,Utilities,1227
1,Alice Smith,Low,2024-04-22,Groceries,1551
1,Alice Smith,Low,2024-04-22,Dining,871
1,Alice Smith,Low,2024-04-22,Travel,1331
1,Alice Smith,Low,2024-04-22,Shopping,844
1,Alice Smith,Low,2024-04-22,Entertainment,1942
1,Alice Smith,Low,2024-04-22,Healthcare,1719
1,Alice Smith,Low,2024-04-22,Electronics,577
1,Alice Smith,Low,2024-04-22,Utilities,666
1,Alice Smith,Low,2024-04-23,Groceries,1613
1,Alice Smith,Low,2024-04-23,Dining,763
1,Alice Smith,Low,2024-04-23,Travel,1995
1,Alice Smith,Low,2024-04-23,Shopping,1731
1,Alice Smith,Low,2024-04-23,Entertainment,1223
1,Alice Smith,Low,2024-04-23,Healthcare,1794
1,Alice Smith,Low,2024-04-23,Electronics,1786
1,Alice Smith,Low,2024-04-23,Utilities,1011
1,Alice Smith,Low,2024-04-24,Groceries,1075
1,Alice Smith,Low,2024-04-24,Dining,1221
1,Alice Smith,Low,2024-04-24,Travel,1835
1,Alice Smith,Low,2024-04-24,Shopping,1697
1,Alice Smith,Low,2024-04-24,Entertainment,930
1,Alice Smith,Low,2024-04-24,Healthcare,1267
1,Alice Smith,Low,2024-04-24,Electronics,962
1,Alice Smith,Low,2024-04-24,Utilities,600
1,Alice Smith,Low,2024-04-25,Groceries,1539
1,Alice Smith,Low,2024-04-25,Dining,1781
1,Alice Smith,Low,2024-04-25,Travel,743
1,Alice Smith,Low,2024-04-25,Shopping,1871
1,Alice Smith,Low,2024-04-25,Entertainment,1772
1,Alice Smith,Low,2024-04-25,Healthcare,604
1,Alice Smith,Low,2024-04-25,Electronics,1193
1,Alice Smith,Low,2024-04-25,Utilities,1810
1,Alice Smith,Low,2024-04-26,Groceries,1692
1,Alice Smith,Low,2024-04-26,Dining,1943
1,Alice Smith,Low,2024-04-26,Travel,1570
1,Alice Smith,Low,2024-04-26,Shopping,1566
1,Alice Smith,Low,2024-04-26,Entertainment,1844
1,Alice Smith,Low,2024-04-26,Healthcare,1317
1,Alice Smith,Low,2024-04-26,Electronics,720
1,Alice Smith,Low,2024-04-26,Utilities,1964
1,Alice Smith,Low,2024-04-27,Groceries,643
1,Alice Smith,Low,2024-04-27,Dining,1389
1,Alice Smith,Low,2024-04-27,Travel,1551
1,Alice Smith,Low,2024-04-27,Shopping,1289
1,Alice Smith,Low,2024-04-27,Entertainment,1052
1,Alice Smith,Low,2024-04-27,Healthcare,1343
1,Alice Smith,Low,2024-04-27,Electronics,1158
1,Alice Smith,Low,2024-04-27,Utilities,1336
1,Alice Smith,Low,2024-04-28,Groceries,1518
1,Alice Smith,Low,2024-04-28,Dining,1690
1,Alice Smith,Low,2024-04-28,Travel,1250
1,Alice Smith,Low,2024-04-28,Shopping,748
1,Alice Smith,Low,2024-04-28,Entertainment,1274
1,Alice Smith,Low,2024-04-28,Healthcare,1263
1,Alice Smith,Low,2024-04-28,Electronics,1880
1,Alice Smith,Low,2024-04-28,Utilities,1634
1,Alice Smith,Low,2024-04-29,Groceries,1191
1,Alice Smith,Low,2024-04-29,Dining,1319
1,Alice Smith,Low,2024-04-29,Travel,1218
1,Alice Smith,Low,2024-04-29,Shopping,733
1,Alice Smith,Low,2024-04-29,Entertainment,523
1,Alice Smith,Low,2024-04-29,Healthcare,1549
1,Alice Smith,Low,2024-04-29,Electronics,1904
1,Alice Smith,Low,2024-04-29,Utilities,1505
1,Alice Smith,Low,2024-04-30,Groceries,1869
1,Alice Smith,Low,2024-04-30,Dining,1901
1,Alice Smith,Low,2024-04-30,Travel,1021
1,Alice Smith,Low,2024-04-30,Shopping,516
1,Alice Smith,Low,2024-04-30,Entertainment,744
1,Alice Smith,Low,2024-04-30,Healthcare,1217
1,Alice Smith,Low,2024-04-30,Electronics,1269
1,Alice Smith,Low,2024-04-30,Utilities,1216
1,Alice Smith,Low,2024-05-01,Groceries,1725
1,Alice Smith,Low,2024-05-01,Dining,1771
1,Alice Smith,Low,2024-05-01,Travel,617
1,Alice Smith,Low,2024-05-01,Shopping,508
1,Alice Smith,Low,2024-05-01,Entertainment,1097
1,Alice Smith,Low,2024-05-01,Healthcare,522
1,Alice Smith,Low,2024-05-01,Electronics,739
1,Alice Smith,Low,2024-05-01,Utilities,526
1,Alice Smith,Low,2024-05-02,Groceries,1483
1,Alice Smith,Low,2024-05-02,Dining,1604
1,Alice Smith,Low,2024-05-02,Travel,698
1,Alice Smith,Low,2024-05-02,Shopping,1274
1,Alice Smith,Low,2024-05-02,Entertainment,591
1,Alice Smith,Low,2024-05-02,Healthcare,1350
1,Alice Smith,Low,2024-05-02,Electronics,1607
1,Alice Smith,Low,2024-05-02,Utilities,799
1,Alice Smith,Low,2024-05-03,Groceries,795
1,Alice Smith,Low,2024-05-03,Dining,1146
1,Alice Smith,Low,2024-05-03,Travel,1977
1,Alice Smith,Low,2024-05-03,Shopping,1804
1,Alice Smith,Low,2024-05-03,Entertainment,1500
1,Alice Smith,Low,2024-05-03,Healthcare,1582
1,Alice Smith,Low,2024-05-03,Electronics,1408
1,Alice Smith,Low,2024-05-03,Utilities,1370
1,Alice Smith,Low,2024-05-04,Groceries,1865
1,Alice Smith,Low,2024-05-04,Dining,1252
1,Alice Smith,Low,2024-05-04,Travel,1988
1,Alice Smith,Low,2024-05-04,Shopping,841
1,Alice Smith,Low,2024-05-04,Entertainment,561
1,Alice Smith,Low,2024-05-04,Healthcare,1275
1,Alice Smith,Low,2024-05-04,Electronics,1124
1,Alice Smith,Low,2024-05-04,Utilities,1952
1,Alice Smith,Low,2024-05-05,Groceries,755
1,Alice Smith,Low,2024-05-05,Dining,1327
1,Alice Smith,Low,2024-05-05,Travel,1513
1,Alice Smith,Low,2024-05-05,Shopping,1870
1,Alice Smith,Low,2024-05-05,Entertainment,1827
1,Alice Smith,Low,2024-05-05,Healthcare,1114
1,Alice Smith,Low,2024-05-05,Electronics,744
1,Alice Smith,Low,2024-05-05,Utilities,1256
1,Alice Smith,Low,2024-05-06,Groceries,1323
1,Alice Smith,Low,2024-05-06,Dining,1279
1,Alice Smith,Low,2024-05-06,Travel,1231
1,Alice Smith,Low,2024-05-06,Shopping,1935
1,Alice Smith,Low,2024-05-06,Entertainment,1377
1,Alice Smith,Low,2024-05-06,Healthcare,1740
1,Alice Smith,Low,2024-05-06,Electronics,1015
1,Alice Smith,Low,2024-05-06,Utilities,973
1,Alice Smith,Low,2024-05-07,Groceries,535
1,Alice Smith,Low,2024-05-07,Dining,1701
1,Alice Smith,Low,2024-05-07,Travel,1910
1,Alice Smith,Low,2024-05-07,Shopping,1540
1,Alice Smith,Low,2024-05-07,Entertainment,1329
1,Alice Smith,Low,2024-05-07,Healthcare,1571
1,Alice Smith,Low,2024-05-07,Electronics,1585
1,Alice Smith,Low,2024-05-07,Utilities,1592
1,Alice Smith,Low,2024-05-08,Groceries,865
1,Alice Smith,Low,2024-05-08,Dining,1685
1,Alice Smith,Low,2024-05-08,Travel,1444
1,Alice Smith,Low,2024-05-08,Shopping,1475
1,Alice Smith,Low,2024-05-08,Entertainment,930
1,Alice Smith,Low,2024-05-08,Healthcare,1358
1,Alice Smith,Low,2024-05-08,Electronics,729
1,Alice Smith,Low,2024-05-08,Utilities,869
1,Alice Smith,Low,2024-05-09,Groceries,677
1,Alice Smith,Low,2024-05-09,Dining,1933
1,Alice Smith,Low,2024-05-09,Travel,1067
1,Alice Smith,Low,2024-05-09,Shopping,1793
1,Alice Smith,Low,2024-05-09,Entertainment,1729
1,Alice Smith,Low,2024-05-09,Healthcare,1292
1,Alice Smith,Low,2024-05-09,Electronics,1399
1,Alice Smith,Low,2024-05-09,Utilities,1474
1,Alice Smith,Low,2024-05-10,Groceries,581
1,Alice Smith,Low,2024-05-10,Dining,1345
1,Alice Smith,Low,2024-05-10,Travel,1261
1,Alice Smith,Low,2024-05-10,Shopping,1716
1,Alice Smith,Low,2024-05-10,Entertainment,1117
1,Alice Smith,Low,2024-05-10,Healthcare,1712
1,Alice Smith,Low,2024-05-10,Electronics,1799
1,Alice Smith,Low,2024-05-10,Utilities,1597
1,Alice Smith,Low,2024-05-11,Groceries,1533
1,Alice Smith,Low,2024-05-11,Dining,715
1,Alice Smith,Low,2024-05-11,Travel,789
1,Alice Smith,Low,2024-05-11,Shopping,944
1,Alice Smith,Low,2024-05-11,Entertainment,1422
1,Alice Smith,Low,2024-05-11,Healthcare,1051
1,Alice Smith,Low,2024-05-11,Electronics,692
1,Alice Smith,Low,2024-05-11,Utilities,788
1,Alice Smith,Low,2024-05-12,Groceries,1082
1,Alice Smith,Low,2024-05-12,Dining,1667
1,Alice Smith,Low,2024-05-12,Travel,1912
1,Alice Smith,Low,2024-05-12,Shopping,1930
1,Alice Smith,Low,2024-05-12,Entertainment,1893
1,Alice Smith,Low,2024-05-12,Healthcare,1356
1,Alice Smith,Low,2024-05-12,Electronics,1964
1,Alice Smith,Low,2024-05-12,Utilities,1280
1,Alice Smith,Low,2024-05-13,Groceries,1395
1,Alice Smith,Low,2024-05-13,Dining,1419
1,Alice Smith,Low,2024-05-13,Travel,1063
1,Alice Smith,Low,2024-05-13,Shopping,512
1,Alice Smith,Low,2024-05-13,Entertainment,1486
1,Alice Smith,Low,2024-05-13,Healthcare,839
1,Alice Smith,Low,2024-05-13,Electronics,1364
1,Alice Smith,Low,2024-05-13,Utilities,811
1,Alice Smith,Low,2024-05-14,Groceries,1232
1,Alice Smith,Low,2024-05-14,Dining,1627
1,Alice Smith,Low,2024-05-14,Travel,838
1,Alice Smith,Low,2024-05-14,Shopping,1721
1,Alice Smith,Low,2024-05-14,Entertainment,799
1,Alice Smith,Low,2024-05-14,Healthcare,1967
1,Alice Smith,Low,2024-05-14,Electronics,858
1,Alice Smith,Low,2024-05-14,Utilities,1891
1,Alice Smith,Low,2024-05-15,Groceries,668
1,Alice Smith,Low,2024-05-15,Dining,1672
1,Alice Smith,Low,2024-05-15,Travel,1260
1,Alice Smith,Low,2024-05-15,Shopping,1267
1,Alice Smith,Low,2024-05-15,Entertainment,1481
1,Alice Smith,Low,2024-05-15,Healthcare,541
1,Alice Smith,Low,2024-05-15,Electronics,701
1,Alice Smith,Low,2024-05-15,Utilities,1469
1,Alice Smith,Low,2024-05-16,Groceries,1767
1,Alice Smith,Low,2024-05-16,Dining,963
1,Alice Smith,Low,2024-05-16,Travel,948
1,Alice Smith,Low,2024-05-16,Shopping,1412
1,Alice Smith,Low,2024-05-16,Entertainment,1297
1,Alice Smith,Low,2024-05-16,Healthcare,1293
1,Alice Smith,Low,2024-05-16,Electronics,936
1,Alice Smith,Low,2024-05-16,Utilities,1030
1,Alice Smith,Low,2024-05-17,Groceries,1064
1,Alice Smith,Low,2024-05-17,Dining,1796
1,Alice Smith,Low,2024-05-17,Travel,1953
1,Alice Smith,Low,2024-05-17,Shopping,1371
1,Alice Smith,Low,2024-05-17,Entertainment,712
1,Alice Smith,Low,2024-05-17,Healthcare,1448
1,Alice Smith,Low,2024-05-17,Electronics,1627
1,Alice Smith,Low,2024-05-17,Utilities,691
1,Alice Smith,Low,2024-05-18,Groceries,1903
1,Alice Smith,Low,2024-05-18,Dining,1604
1,Alice Smith,Low,2024-05-18,Travel,1204
1,Alice Smith,Low,2024-05-18,Shopping,1048
1,Alice Smith,Low,2024-05-18,Entertainment,1900
1,Alice Smith,Low,2024-05-18,Healthcare,653
1,Alice Smith,Low,2024-05-18,Electronics,1070
1,Alice Smith,Low,2024-05-18,Utilities,739
1,Alice Smith,Low,2024-05-19,Groceries,873
1,Alice Smith,Low,2024-05-19,Dining,1304
1,Alice Smith,Low,2024-05-19,Travel,1298
1,Alice Smith,Low,2024-05-19,Shopping,1727
1,Alice Smith,Low,2024-05-19,Entertainment,1110
1,Alice Smith,Low,2024-05-19,Healthcare,1873
1,Alice Smith,Low,2024-05-19,Electronics,1187
1,Alice Smith,Low,2024-05-19,Utilities,1273
1,Alice Smith,Low,2024-05-20,Groceries,642
1,Alice Smith,Low,2024-05-20,Dining,1712
1,Alice Smith,Low,2024-05-20,Travel,771
1,Alice Smith,Low,2024-05-20,Shopping,1823
1,Alice Smith,Low,2024-05-20,Entertainment,925
1,Alice Smith,Low,2024-05-20,Healthcare,545
1,Alice Smith,Low,2024-05-20,Electronics,594
1,Alice Smith,Low,2024-05-20,Utilities,563
1,Alice Smith,Low,2024-05-21,Groceries,912
1,Alice Smith,Low,2024-05-21,Dining,1532
1,Alice Smith,Low,2024-05-21,Travel,958
1,Alice Smith,Low,2024-05-21,Shopping,1932
1,Alice Smith,Low,2024-05-21,Entertainment,969
1,Alice Smith,Low,2024-05-21,Healthcare,1309
1,Alice Smith,Low,2024-05-21,Electronics,1005
1,Alice Smith,Low,2024-05-21,Utilities,1596
1,Alice Smith,Low,2024-05-22,Groceries,583
1,Alice Smith,Low,2024-05-22,Dining,558
1,Alice Smith,Low,2024-05-22,Travel,1544
1,Alice Smith,Low,2024-05-22,Shopping,1981
1,Alice Smith,Low,2024-05-22,Entertainment,1417
1,Alice Smith,Low,2024-05-22,Healthcare,656
1,Alice Smith,Low,2024-05-22,Electronics,1852
1,Alice Smith,Low,2024-05-22,Utilities,1075
1,Alice Smith,Low,2024-05-23,Groceries,1336
1,Alice Smith,Low,2024-05-23,Dining,1179
1,Alice Smith,Low,2024-05-23,Travel,702
1,Alice Smith,Low,2024-05-23,Shopping,1629
1,Alice Smith,Low,2024-05-23,Entertainment,1645
1,Alice Smith,Low,2024-05-23,Healthcare,817
1,Alice Smith,Low,2024-05-23,Electronics,1705
1,Alice Smith,Low,2024-05-23,Utilities,1839
1,Alice Smith,Low,2024-05-24,Groceries,905
1,Alice Smith,Low,2024-05-24,Dining,1485
1,Alice Smith,Low,2024-05-24,Travel,1448
1,Alice Smith,Low,2024-05-24,Shopping,1593
1,Alice Smith,Low,2024-05-24,Entertainment,1683
1,Alice Smith,Low,2024-05-24,Healthcare,1763
1,Alice Smith,Low,2024-05-24,Electronics,1661
1,Alice Smith,Low,2024-05-24,Utilities,994
1,Alice Smith,Low,2024-05-25,Groceries,1178
1,Alice Smith,Low,2024-05-25,Dining,1770
1,Alice Smith,Low,2024-05-25,Travel,1766
1,Alice Smith,Low,2024-05-25,Shopping,1859
1,Alice Smith,Low,2024-05-25,Entertainment,1945
1,Alice Smith,Low,2024-05-25,Healthcare,1334
1,Alice Smith,Low,2024-05-25,Electronics,693
1,Alice Smith,Low,2024-05-25,Utilities,807
1,Alice Smith,Low,2024-05-26,Groceries,1005
1,Alice Smith,Low,2024-05-26,Dining,780
1,Alice Smith,Low,2024-05-26,Travel,1174
1,Alice Smith,Low,2024-05-26,Shopping,1432
1,Alice Smith,Low,2024-05-26,Entertainment,1962
1,Alice Smith,Low,2024-05-26,Healthcare,1214
1,Alice Smith,Low,2024-05-26,Electronics,1107
1,Alice Smith,Low,2024-05-26,Utilities,982
1,Alice Smith,Low,2024-05-27,Groceries,1746
1,Alice Smith,Low,2024-05-27,Dining,616
1,Alice Smith,Low,2024-05-27,Travel,1467
1,Alice Smith,Low,2024-05-27,Shopping,691
1,Alice Smith,Low,2024-05-27,Entertainment,1287
1,Alice Smith,Low,2024-05-27,Healthcare,1117
1,Alice Smith,Low,2024-05-27,Electronics,1015
1,Alice Smith,Low,2024-05-27,Utilities,806
1,Alice Smith,Low,2024-05-28,Groceries,1031
1,Alice Smith,Low,2024-05-28,Dining,621
1,Alice Smith,Low,2024-05-28,Travel,1148
1,Alice Smith,Low,2024-05-28,Shopping,1091
1,Alice Smith,Low,2024-05-28,Entertainment,1677
1,Alice Smith,Low,2024-05-28,Healthcare,1369
1,Alice Smith,Low,2024-05-28,Electronics,1975
1,Alice Smith,Low,2024-05-28,Utilities,1692
1,Alice Smith,Low,2024-05-29,Groceries,558
1,Alice Smith,Low,2024-05-29,Dining,800
1,Alice Smith,Low,2024-05-29,Travel,1052
1,Alice Smith,Low,2024-05-29,Shopping,1640
1,Alice Smith,Low,2024-05-29,Entertainment,1650
1,Alice Smith,Low,2024-05-29,Healthcare,1928
1,Alice Smith,Low,2024-05-29,Electronics,898
1,Alice Smith,Low,2024-05-29,Utilities,1014
1,Alice Smith,Low,2024-05-30,Groceries,1304
1,Alice Smith,Low,2024-05-30,Dining,997
1,Alice Smith,Low,2024-05-30,Travel,1441
1,Alice Smith,Low,2024-05-30,Shopping,1027
1,Alice Smith,Low,2024-05-30,Entertainment,897
1,Alice Smith,Low,2024-05-30,Healthcare,1788
1,Alice Smith,Low,2024-05-30,Electronics,1786
1,Alice Smith,Low,2024-05-30,Utilities,1921
1,Alice Smith,Low,2024-05-31,Groceries,935
1,Alice Smith,Low,2024-05-31,Dining,1339
1,Alice Smith,Low,2024-05-31,Travel,859
1,Alice Smith,Low,2024-05-31,Shopping,1652
1,Alice Smith,Low,2024-05-31,Entertainment,1363
1,Alice Smith,Low,2024-05-31,Healthcare,1133
1,Alice Smith,Low,2024-05-31,Electronics,1764
1,Alice Smith,Low,2024-05-31,Utilities,1745
1,Alice Smith,Low,2024-06-01,Groceries,713
1,Alice Smith,Low,2024-06-01,Dining,1415
1,Alice Smith,Low,2024-06-01,Travel,1091
1,Alice Smith,Low,2024-06-01,Shopping,634
1,Alice Smith,Low,2024-06-01,Entertainment,1253
1,Alice Smith,Low,2024-06-01,Healthcare,885
1,Alice Smith,Low,2024-06-01,Electronics,1826
1,Alice Smith,Low,2024-06-01,Utilities,1810
1,Alice Smith,Low,2024-06-02,Groceries,1712
1,Alice Smith,Low,2024-06-02,Dining,1820
1,Alice Smith,Low,2024-06-02,Travel,888
1,Alice Smith,Low,2024-06-02,Shopping,1982
1,Alice Smith,Low,2024-06-02,Entertainment,1243
1,Alice Smith,Low,2024-06-02,Healthcare,1784
1,Alice Smith,Low,2024-06-02,Electronics,1203
1,Alice Smith,Low,2024-06-02,Utilities,1424
1,Alice Smith,Low,2024-06-03,Groceries,1272
1,Alice Smith,Low,2024-06-03,Dining,1636
1,Alice Smith,Low,2024-06-03,Travel,1363
1,Alice Smith,Low,2024-06-03,Shopping,1559
1,Alice Smith,Low,2024-06-03,Entertainment,578
1,Alice Smith,Low,2024-06-03,Healthcare,1798
1,Alice Smith,Low,2024-06-03,Electronics,1801
1,Alice Smith,Low,2024-06-03,Utilities,1173
1,Alice Smith,Low,2024-06-04,Groceries,811
1,Alice Smith,Low,2024-06-04,Dining,703
1,Alice Smith,Low,2024-06-04,Travel,1484
1,Alice Smith,Low,2024-06-04,Shopping,516
1,Alice Smith,Low,2024-06-04,Entertainment,975
1,Alice Smith,Low,2024-06-04,Healthcare,1516
1,Alice Smith,Low,2024-06-04,Electronics,709
1,Alice Smith,Low,2024-06-04,Utilities,998
1,Alice Smith,Low,2024-06-05,Groceries,1925
1,Alice Smith,Low,2024-06-05,Dining,928
1,Alice Smith,Low,2024-06-05,Travel,1601
1,Alice Smith,Low,2024-06-05,Shopping,1603
1,Alice Smith,Low,2024-06-05,Entertainment,1829
1,Alice Smith,Low,2024-06-05,Healthcare,557
1,Alice Smith,Low,2024-06-05,Electronics,1731
1,Alice Smith,Low,2024-06-05,Utilities,1658
1,Alice Smith,Low,2024-06-06,Groceries,1493
1,Alice Smith,Low,2024-06-06,Dining,1021
1,Alice Smith,Low,2024-06-06,Travel,1080
1,Alice Smith,Low,2024-06-06,Shopping,1398
1,Alice Smith,Low,2024-06-06,Entertainment,1606
1,Alice Smith,Low,2024-06-06,Healthcare,1120
1,Alice Smith,Low,2024-06-06,Electronics,1567
1,Alice Smith,Low,2024-06-06,Utilities,1465
1,Alice Smith,Low,2024-06-07,Groceries,1409
1,Alice Smith,Low,2024-06-07,Dining,992
1,Alice Smith,Low,2024-06-07,Travel,998
1,Alice Smith,Low,2024-06-07,Shopping,1541
1,Alice Smith,Low,2024-06-07,Entertainment,1104
1,Alice Smith,Low,2024-06-07,Healthcare,1447
1,Alice Smith,Low,2024-06-07,Electronics,793
1,Alice Smith,Low,2024-06-07,Utilities,1671
1,Alice Smith,Low,2024-06-08,Groceries,1995
1,Alice Smith,Low,2024-06-08,Dining,671
1,Alice Smith,Low,2024-06-08,Travel,1030
1,Alice Smith,Low,2024-06-08,Shopping,1643
1,Alice Smith,Low,2024-06-08,Entertainment,565
1,Alice Smith,Low,2024-06-08,Healthcare,640
1,Alice Smith,Low,2024-06-08,Electronics,945
1,Alice Smith,Low,2024-06-08,Utilities,688
1,Alice Smith,Low,2024-06-09,Groceries,657
1,Alice Smith,Low,2024-06-09,Dining,1169
1,Alice Smith,Low,2024-06-09,Travel,745
1,Alice Smith,Low,2024-06-09,Shopping,1355
1,Alice Smith,Low,2024-06-09,Entertainment,1443
1,Alice Smith,Low,2024-06-09,Healthcare,1247
1,Alice Smith,Low,2024-06-09,Electronics,1556
1,Alice Smith,Low,2024-06-09,Utilities,1884
1,Alice Smith,Low,2024-06-10,Groceries,829
1,Alice Smith,Low,2024-06-10,Dining,1011
1,Alice Smith,Low,2024-06-10,Travel,1349
1,Alice Smith,Low,2024-06-10,Shopping,1594
1,Alice Smith,Low,2024-06-10,Entertainment,1836
1,Alice Smith,Low,2024-06-10,Healthcare,578
1,Alice Smith,Low,2024-06-10,Electronics,668
1,Alice Smith,Low,2024-06-10,Utilities,1309
1,Alice Smith,Low,2024-06-11,Groceries,1482
1,Alice Smith,Low,2024-06-11,Dining,679
1,Alice Smith,Low,2024-06-11,Travel,759
1,Alice Smith,Low,2024-06-11,Shopping,1528
1,Alice Smith,Low,2024-06-11,Entertainment,796
1,Alice Smith,Low,2024-06-11,Healthcare,1119
1,Alice Smith,Low,2024-06-11,Electronics,1354
1,Alice Smith,Low,2024-06-11,Utilities,859
1,Alice Smith,Low,2024-06-12,Groceries,616
1,Alice Smith,Low,2024-06-12,Dining,856
1,Alice Smith,Low,2024-06-12,Travel,1456
1,Alice Smith,Low,2024-06-12,Shopping,938
1,Alice Smith,Low,2024-06-12,Entertainment,1854
1,Alice Smith,Low,2024-06-12,Healthcare,1711
1,Alice Smith,Low,2024-06-12,Electronics,1804
1,Alice Smith,Low,2024-06-12,Utilities,1989
1,Alice Smith,Low,2024-06-13,Groceries,1638
1,Alice Smith,Low,2024-06-13,Dining,1759
1,Alice Smith,Low,2024-06-13,Travel,1861
1,Alice Smith,Low,2024-06-13,Shopping,1021
1,Alice Smith,Low,2024-06-13,Entertainment,698
1,Alice Smith,Low,2024-06-13,Healthcare,1573
1,Alice Smith,Low,2024-06-13,Electronics,1665
1,Alice Smith,Low,2024-06-13,Utilities,1169
1,Alice Smith,Low,2024-06-14,Groceries,1553
1,Alice Smith,Low,2024-06-14,Dining,1605
1,Alice Smith,Low,2024-06-14,Travel,530
1,Alice Smith,Low,2024-06-14,Shopping,1507
1,Alice Smith,Low,2024-06-14,Entertainment,832
1,Alice Smith,Low,2024-06-14,Healthcare,1159
1,Alice Smith,Low,2024-06-14,Electronics,676
1,Alice Smith,Low,2024-06-14,Utilities,869
1,Alice Smith,Low,2024-06-15,Groceries,1046
1,Alice Smith,Low,2024-06-15,Dining,1034
1,Alice Smith,Low,2024-06-15,Travel,1629
1,Alice Smith,Low,2024-06-15,Shopping,596
1,Alice Smith,Low,2024-06-15,Entertainment,729
1,Alice Smith,Low,2024-06-15,Healthcare,726
1,Alice Smith,Low,2024-06-15,Electronics,870
1,Alice Smith,Low,2024-06-15,Utilities,1623
1,Alice Smith,Low,2024-06-16,Groceries,1968
1,Alice Smith,Low,2024-06-16,Dining,1991
1,Alice Smith,Low,2024-06-16,Travel,554
1,Alice Smith,Low,2024-06-16,Shopping,1718
1,Alice Smith,Low,2024-06-16,Entertainment,923
1,Alice Smith,Low,2024-06-16,Healthcare,814
1,Alice Smith,Low,2024-06-16,Electronics,1651
1,Alice Smith,Low,2024-06-16,Utilities,531
1,Alice Smith,Low,2024-06-17,Groceries,592
1,Alice Smith,Low,2024-06-17,Dining,1018
1,Alice Smith,Low,2024-06-17,Travel,1781
1,Alice Smith,Low,2024-06-17,Shopping,1352
1,Alice Smith,Low,2024-06-17,Entertainment,1743
1,Alice Smith,Low,2024-06-17,Healthcare,1251
1,Alice Smith,Low,2024-06-17,Electronics,1629
1,Alice Smith,Low,2024-06-17,Utilities,915
1,Alice Smith,Low,2024-06-18,Groceries,1056
1,Alice Smith,Low,2024-06-18,Dining,1832
1,Alice Smith,Low,2024-06-18,Travel,865
1,Alice Smith,Low,2024-06-18,Shopping,1982
1,Alice Smith,Low,2024-06-18,Entertainment,1098
1,Alice Smith,Low,2024-06-18,Healthcare,1893
1,Alice Smith,Low,2024-06-18,Electronics,830
1,Alice Smith,Low,2024-06-18,Utilities,1188
1,Alice Smith,Low,2024-06-19,Groceries,510
1,Alice Smith,Low,2024-06-19,Dining,1317
1,Alice Smith,Low,2024-06-19,Travel,918
1,Alice Smith,Low,2024-06-19,Shopping,1645
1,Alice Smith,Low,2024-06-19,Entertainment,1410
1,Alice Smith,Low,2024-06-19,Healthcare,1758
1,Alice Smith,Low,2024-06-19,Electronics,1854
1,Alice Smith,Low,2024-06-19,Utilities,847
1,Alice Smith,Low,2024-06-20,Groceries,1457
1,Alice Smith,Low,2024-06-20,Dining,911
1,Alice Smith,Low,2024-06-20,Travel,1747
1,Alice Smith,Low,2024-06-20,Shopping,652
1,Alice Smith,Low,2024-06-20,Entertainment,1735
1,Alice Smith,Low,2024-06-20,Healthcare,591
1,Alice Smith,Low,2024-06-20,Electronics,830
1,Alice Smith,Low,2024-06-20,Utilities,1990
1,Alice Smith,Low,2024-06-21,Groceries,1454
1,Alice Smith,Low,2024-06-21,Dining,1469
1,Alice Smith,Low,2024-06-21,Travel,1053
1,Alice Smith,Low,2024-06-21,Shopping,1429
1,Alice Smith,Low,2024-06-21,Entertainment,1751
1,Alice Smith,Low,2024-06-21,Healthcare,693
1,Alice Smith,Low,2024-06-21,Electronics,1029
1,Alice Smith,Low,2024-06-21,Utilities,1344
1,Alice Smith,Low,2024-06-22,Groceries,1766
1,Alice Smith,Low,2024-06-22,Dining,1912
1,Alice Smith,Low,2024-06-22,Travel,1799
1,Alice Smith,Low,2024-06-22,Shopping,1973
1,Alice Smith,Low,2024-06-22,Entertainment,1138
1,Alice Smith,Low,2024-06-22,Healthcare,977
1,Alice Smith,Low,2024-06-22,Electronics,979
1,Alice Smith,Low,2024-06-22,Utilities,787
1,Alice Smith,Low,2024-06-23,Groceries,1197
1,Alice Smith,Low,2024-06-23,Dining,1194
1,Alice Smith,Low,2024-06-23,Travel,1039
1,Alice Smith,Low,2024-06-23,Shopping,829
1,Alice Smith,Low,2024-06-23,Entertainment,969
1,Alice Smith,Low,2024-06-23,Healthcare,1348
1,Alice Smith,Low,2024-06-23,Electronics,1033
1,Alice Smith,Low,2024-06-23,Utilities,966
1,Alice Smith,Low,2024-06-24,Groceries,1476
1,Alice Smith,Low,2024-06-24,Dining,919
1,Alice Smith,Low,2024-06-24,Travel,1645
1,Alice Smith,Low,2024-06-24,Shopping,1261
1,Alice Smith,Low,2024-06-24,Entertainment,1505
1,Alice Smith,Low,2024-06-24,Healthcare,1390
1,Alice Smith,Low,2024-06-24,Electronics,807
1,Alice Smith,Low,2024-06-24,Utilities,1423
1,Alice Smith,Low,2024-06-25,Groceries,833
1,Alice Smith,Low,2024-06-25,Dining,1453
1,Alice Smith,Low,2024-06-25,Travel,1943
1,Alice Smith,Low,2024-06-25,Shopping,1849
1,Alice Smith,Low,2024-06-25,Entertainment,1521
1,Alice Smith,Low,2024-06-25,Healthcare,1288
1,Alice Smith,Low,2024-06-25,Electronics,1331
1,Alice Smith,Low,2024-06-25,Utilities,1343
1,Alice Smith,Low,2024-06-26,Groceries,749
1,Alice Smith,Low,2024-06-26,Dining,1618
1,Alice Smith,Low,2024-06-26,Travel,1819
1,Alice Smith,Low,2024-06-26,Shopping,683
1,Alice Smith,Low,2024-06-26,Entertainment,1783
1,Alice Smith,Low,2024-06-26,Healthcare,1298
1,Alice Smith,Low,2024-06-26,Electronics,685
1,Alice Smith,Low,2024-06-26,Utilities,1932
1,Alice Smith,Low,2024-06-27,Groceries,1592
1,Alice Smith,Low,2024-06-27,Dining,1337
1,Alice Smith,Low,2024-06-27,Travel,1126
1,Alice Smith,Low,2024-06-27,Shopping,1358
1,Alice Smith,Low,2024-06-27,Entertainment,507
1,Alice Smith,Low,2024-06-27,Healthcare,1788
1,Alice Smith,Low,2024-06-27,Electronics,1282
1,Alice Smith,Low,2024-06-27,Utilities,1274
1,Alice Smith,Low,2024-06-28,Groceries,1506
1,Alice Smith,Low,2024-06-28,Dining,1894
1,Alice Smith,Low,2024-06-28,Travel,1176
1,Alice Smith,Low,2024-06-28,Shopping,1606
1,Alice Smith,Low,2024-06-28,Entertainment,710
1,Alice Smith,Low,2024-06-28,Healthcare,1836
1,Alice Smith,Low,2024-06-28,Electronics,1860
1,Alice Smith,Low,2024-06-28,Utilities,989
1,Alice Smith,Low,2024-06-29,Groceries,1926
1,Alice Smith,Low,2024-06-29,Dining,1138
1,Alice Smith,Low,2024-06-29,Travel,690
1,Alice Smith,Low,2024-06-29,Shopping,1170
1,Alice Smith,Low,2024-06-29,Entertainment,1342
1,Alice Smith,Low,2024-06-29,Healthcare,834
1,Alice Smith,Low,2024-06-29,Electronics,1610
1,Alice Smith,Low,2024-06-29,Utilities,1078
1,Alice Smith,Low,2024-06-30,Groceries,561
1,Alice Smith,Low,2024-06-30,Dining,886
1,Alice Smith,Low,2024-06-30,Travel,1669
1,Alice Smith,Low,2024-06-30,Shopping,652
1,Alice Smith,Low,2024-06-30,Entertainment,1118
1,Alice Smith,Low,2024-06-30,Healthcare,1197
1,Alice Smith,Low,2024-06-30,Electronics,1872
1,Alice Smith,Low,2024-06-30,Utilities,677
1,Alice Smith,Low,2024-07-01,Groceries,1346
1,Alice Smith,Low,2024-07-01,Dining,986
1,Alice Smith,Low,2024-07-01,Travel,1770
1,Alice Smith,Low,2024-07-01,Shopping,1777
1,Alice Smith,Low,2024-07-01,Entertainment,999
1,Alice Smith,Low,2024-07-01,Healthcare,1040
1,Alice Smith,Low,2024-07-01,Electronics,1875
1,Alice Smith,Low,2024-07-01,Utilities,512
1,Alice Smith,Low,2024-07-02,Groceries,650
1,Alice Smith,Low,2024-07-02,Dining,1573
1,Alice Smith,Low,2024-07-02,Travel,1738
1,Alice Smith,Low,2024-07-02,Shopping,1490
1,Alice Smith,Low,2024-07-02,Entertainment,1143
1,Alice Smith,Low,2024-07-02,Healthcare,871
1,Alice Smith,Low,2024-07-02,Electronics,1636
1,Alice Smith,Low,2024-07-02,Utilities,751
1,Alice Smith,Low,2024-07-03,Groceries,1864
1,Alice Smith,Low,2024-07-03,Dining,552
1,Alice Smith,Low,2024-07-03,Travel,1653
1,Alice Smith,Low,2024-07-03,Shopping,692
1,Alice Smith,Low,2024-07-03,Entertainment,1090
1,Alice Smith,Low,2024-07-03,Healthcare,1580
1,Alice Smith,Low,2024-07-03,Electronics,596
1,Alice Smith,Low,2024-07-03,Utilities,697
1,Alice Smith,Low,2024-07-04,Groceries,646
1,Alice Smith,Low,2024-07-04,Dining,1818
1,Alice Smith,Low,2024-07-04,Travel,1222
1,Alice Smith,Low,2024-07-04,Shopping,1183
1,Alice Smith,Low,2024-07-04,Entertainment,1535
1,Alice Smith,Low,2024-07-04,Healthcare,832
1,Alice Smith,Low,2024-07-04,Electronics,1743
1,Alice Smith,Low,2024-07-04,Utilities,1921
1,Alice Smith,Low,2024-07-05,Groceries,1865
1,Alice Smith,Low,2024-07-05,Dining,1011
1,Alice Smith,Low,2024-07-05,Travel,671
1,Alice Smith,Low,2024-07-05,Shopping,1991
1,Alice Smith,Low,2024-07-05,Entertainment,1689
1,Alice Smith,Low,2024-07-05,Healthcare,1693
1,Alice Smith,Low,2024-07-05,Electronics,1063
1,Alice Smith,Low,2024-07-05,Utilities,1011
1,Alice Smith,Low,2024-07-06,Groceries,1712
1,Alice Smith,Low,2024-07-06,Dining,1643
1,Alice Smith,Low,2024-07-06,Travel,604
1,Alice Smith,Low,2024-07-06,Shopping,1173
1,Alice Smith,Low,2024-07-06,Entertainment,1306
1,Alice Smith,Low,2024-07-06,Healthcare,1564
1,Alice Smith,Low,2024-07-06,Electronics,1388
1,Alice Smith,Low,2024-07-06,Utilities,1375
1,Alice Smith,Low,2024-07-07,Groceries,1176
1,Alice Smith,Low,2024-07-07,Dining,820
1,Alice Smith,Low,2024-07-07,Travel,834
1,Alice Smith,Low,2024-07-07,Shopping,1683
1,Alice Smith,Low,2024-07-07,Entertainment,763
1,Alice Smith,Low,2024-07-07,Healthcare,1364
1,Alice Smith,Low,2024-07-07,Electronics,851
1,Alice Smith,Low,2024-07-07,Utilities,1733
1,Alice Smith,Low,2024-07-08,Groceries,1905
1,Alice Smith,Low,2024-07-08,Dining,1175
1,Alice Smith,Low,2024-07-08,Travel,1418
1,Alice Smith,Low,2024-07-08,Shopping,504
1,Alice Smith,Low,2024-07-08,Entertainment,533
1,Alice Smith,Low,2024-07-08,Healthcare,1668
1,Alice Smith,Low,2024-07-08,Electronics,850
1,Alice Smith,Low,2024-07-08,Utilities,1082
1,Alice Smith,Low,2024-07-09,Groceries,964
1,Alice Smith,Low,2024-07-09,Dining,847
1,Alice Smith,Low,2024-07-09,Travel,624
1,Alice Smith,Low,2024-07-09,Shopping,1794
1,Alice Smith,Low,2024-07-09,Entertainment,856
1,Alice Smith,Low,2024-07-09,Healthcare,1026
1,Alice Smith,Low,2024-07-09,Electronics,997
1,Alice Smith,Low,2024-07-09,Utilities,1676
1,Alice Smith,Low,2024-07-10,Groceries,552
1,Alice Smith,Low,2024-07-10,Dining,648
1,Alice Smith,Low,2024-07-10,Travel,1002
1,Alice Smith,Low,2024-07-10,Shopping,1369
1,Alice Smith,Low,2024-07-10,Entertainment,1973
1,Alice Smith,Low,2024-07-10,Healthcare,718
1,Alice Smith,Low,2024-07-10,Electronics,1800
1,Alice Smith,Low,2024-07-10,Utilities,951
1,Alice Smith,Low,2024-07-11,Groceries,1951
1,Alice Smith,Low,2024-07-11,Dining,582
1,Alice Smith,Low,2024-07-11,Travel,1741
1,Alice Smith,Low,2024-07-11,Shopping,1237
1,Alice Smith,Low,2024-07-11,Entertainment,1026
1,Alice Smith,Low,2024-07-11,Healthcare,903
1,Alice Smith,Low,2024-07-11,Electronics,789
1,Alice Smith,Low,2024-07-11,Utilities,919
1,Alice Smith,Low,2024-07-12,Groceries,838
1,Alice Smith,Low,2024-07-12,Dining,1276
1,Alice Smith,Low,2024-07-12,Travel,1210
1,Alice Smith,Low,2024-07-12,Shopping,1486
1,Alice Smith,Low,2024-07-12,Entertainment,1458
1,Alice Smith,Low,2024-07-12,Healthcare,1942
1,Alice Smith,Low,2024-07-12,Electronics,1730
1,Alice Smith,Low,2024-07-12,Utilities,1185
1,Alice Smith,Low,2024-07-13,Groceries,1788
1,Alice Smith,Low,2024-07-13,Dining,1559
1,Alice Smith,Low,2024-07-13,Travel,872
1,Alice Smith,Low,2024-07-13,Shopping,1782
1,Alice Smith,Low,2024-07-13,Entertainment,1493
1,Alice Smith,Low,2024-07-13,Healthcare,1030
1,Alice Smith,Low,2024-07-13,Electronics,1423
1,Alice Smith,Low,2024-07-13,Utilities,522
1,Alice Smith,Low,2024-07-14,Groceries,603
1,Alice Smith,Low,2024-07-14,Dining,740
1,Alice Smith,Low,2024-07-14,Travel,1504
1,Alice Smith,Low,2024-07-14,Shopping,1402
1,Alice Smith,Low,2024-07-14,Entertainment,1776
1,Alice Smith,Low,2024-07-14,Healthcare,1665
1,Alice Smith,Low,2024-07-14,Electronics,1313
1,Alice Smith,Low,2024-07-14,Utilities,1154
1,Alice Smith,Low,2024-07-15,Groceries,1974
1,Alice Smith,Low,2024-07-15,Dining,1282
1,Alice Smith,Low,2024-07-15,Travel,806
1,Alice Smith,Low,2024-07-15,Shopping,507
1,Alice Smith,Low,2024-07-15,Entertainment,1592
1,Alice Smith,Low,2024-07-15,Healthcare,1074
1,Alice Smith,Low,2024-07-15,Electronics,1591
1,Alice Smith,Low,2024-07-15,Utilities,1411
1,Alice Smith,Low,2024-07-16,Groceries,1931
1,Alice Smith,Low,2024-07-16,Dining,1017
1,Alice Smith,Low,2024-07-16,Travel,1642
1,Alice Smith,Low,2024-07-16,Shopping,1554
1,Alice Smith,Low,2024-07-16,Entertainment,982
1,Alice Smith,Low,2024-07-16,Healthcare,706
1,Alice Smith,Low,2024-07-16,Electronics,1168
1,Alice Smith,Low,2024-07-16,Utilities,1078
1,Alice Smith,Low,2024-07-17,Groceries,886
1,Alice Smith,Low,2024-07-17,Dining,911
1,Alice Smith,Low,2024-07-17,Travel,1893
1,Alice Smith,Low,2024-07-17,Shopping,1876
1,Alice Smith,Low,2024-07-17,Entertainment,1859
1,Alice Smith,Low,2024-07-17,Healthcare,1390
1,Alice Smith,Low,2024-07-17,Electronics,1405
1,Alice Smith,Low,2024-07-17,Utilities,1812
1,Alice Smith,Low,2024-07-18,Groceries,1462
1,Alice Smith,Low,2024-07-18,Dining,1464
1,Alice Smith,Low,2024-07-18,Travel,639
1,Alice Smith,Low,2024-07-18,Shopping,799
1,Alice Smith,Low,2024-07-18,Entertainment,1536
1,Alice Smith,Low,2024-07-18,Healthcare,1163
1,Alice Smith,Low,2024-07-18,Electronics,1951
1,Alice Smith,Low,2024-07-18,Utilities,1324
1,Alice Smith,Low,2024-07-19,Groceries,899
1,Alice Smith,Low,2024-07-19,Dining,1491
1,Alice Smith,Low,2024-07-19,Travel,1632
1,Alice Smith,Low,2024-07-19,Shopping,1879
1,Alice Smith,Low,2024-07-19,Entertainment,648
1,Alice Smith,Low,2024-07-19,Healthcare,806
1,Alice Smith,Low,2024-07-19,Electronics,1583
1,Alice Smith,Low,2024-07-19,Utilities,934
1,Alice Smith,Low,2024-07-20,Groceries,520
1,Alice Smith,Low,2024-07-20,Dining,1374
1,Alice Smith,Low,2024-07-20,Travel,881
1,Alice Smith,Low,2024-07-20,Shopping,744
1,Alice Smith,Low,2024-07-20,Entertainment,1596
1,Alice Smith,Low,2024-07-20,Healthcare,1972
1,Alice Smith,Low,2024-07-20,Electronics,1599
1,Alice Smith,Low,2024-07-20,Utilities,1197
1,Alice Smith,Low,2024-07-21,Groceries,1089
1,Alice Smith,Low,2024-07-21,Dining,889
1,Alice Smith,Low,2024-07-21,Travel,1865
1,Alice Smith,Low,2024-07-21,Shopping,1813
1,Alice Smith,Low,2024-07-21,Entertainment,1067
1,Alice Smith,Low,2024-07-21,Healthcare,1854
1,Alice Smith,Low,2024-07-21,Electronics,758
1,Alice Smith,Low,2024-07-21,Utilities,925
1,Alice Smith,Low,2024-07-22,Groceries,1529
1,Alice Smith,Low,2024-07-22,Dining,505
1,Alice Smith,Low,2024-07-22,Travel,690
1,Alice Smith,Low,2024-07-22,Shopping,647
1,Alice Smith,Low,2024-07-22,Entertainment,904
1,Alice Smith,Low,2024-07-22,Healthcare,757
1,Alice Smith,Low,2024-07-22,Electronics,1229
1,Alice Smith,Low,2024-07-22,Utilities,589
1,Alice Smith,Low,2024-07-23,Groceries,1323
1,Alice Smith,Low,2024-07-23,Dining,509
1,Alice Smith,Low,2024-07-23,Travel,1610
1,Alice Smith,Low,2024-07-23,Shopping,1337
1,Alice Smith,Low,2024-07-23,Entertainment,1674
1,Alice Smith,Low,2024-07-23,Healthcare,1487
1,Alice Smith,Low,2024-07-23,Electronics,1124
1,Alice Smith,Low,2024-07-23,Utilities,529
1,Alice Smith,Low,2024-07-24,Groceries,627
1,Alice Smith,Low,2024-07-24,Dining,1601
1,Alice Smith,Low,2024-07-24,Travel,920
1,Alice Smith,Low,2024-07-24,Shopping,1578
1,Alice Smith,Low,2024-07-24,Entertainment,804
1,Alice Smith,Low,2024-07-24,Healthcare,1045
1,Alice Smith,Low,2024-07-24,Electronics,1628
1,Alice Smith,Low,2024-07-24,Utilities,1695
1,Alice Smith,Low,2024-07-25,Groceries,521
1,Alice Smith,Low,2024-07-25,Dining,1810
1,Alice Smith,Low,2024-07-25,Travel,890
1,Alice Smith,Low,2024-07-25,Shopping,1116
1,Alice Smith,Low,2024-07-25,Entertainment,648
1,Alice Smith,Low,2024-07-25,Healthcare,1795
1,Alice Smith,Low,2024-07-25,Electronics,798
1,Alice Smith,Low,2024-07-25,Utilities,671
1,Alice Smith,Low,2024-07-26,Groceries,546
1,Alice Smith,Low,2024-07-26,Dining,1125
1,Alice Smith,Low,2024-07-26,Travel,706
1,Alice Smith,Low,2024-07-26,Shopping,952
1,Alice Smith,Low,2024-07-26,Entertainment,1918
1,Alice Smith,Low,2024-07-26,Healthcare,1424
1,Alice Smith,Low,2024-07-26,Electronics,1253
1,Alice Smith,Low,2024-07-26,Utilities,1824
1,Alice Smith,Low,2024-07-27,Groceries,1207
1,Alice Smith,Low,2024-07-27,Dining,1508
1,Alice Smith,Low,2024-07-27,Travel,1175
1,Alice Smith,Low,2024-07-27,Shopping,1699
1,Alice Smith,Low,2024-07-27,Entertainment,1354
1,Alice Smith,Low,2024-07-27,Healthcare,1282
1,Alice Smith,Low,2024-07-27,Electronics,1633
1,Alice Smith,Low,2024-07-27,Utilities,1183
1,Alice Smith,Low,2024-07-28,Groceries,1462
1,Alice Smith,Low,2024-07-28,Dining,1363
1,Alice Smith,Low,2024-07-28,Travel,1725
1,Alice Smith,Low,2024-07-28,Shopping,667
1,Alice Smith,Low,2024-07-28,Entertainment,585
1,Alice Smith,Low,2024-07-28,Healthcare,1348
1,Alice Smith,Low,2024-07-28,Electronics,1574
1,Alice Smith,Low,2024-07-28,Utilities,1635
1,Alice Smith,Low,2024-07-29,Groceries,1986
1,Alice Smith,Low,2024-07-29,Dining,941
1,Alice Smith,Low,2024-07-29,Travel,770
1,Alice Smith,Low,2024-07-29,Shopping,843
1,Alice Smith,Low,2024-07-29,Entertainment,1706
1,Alice Smith,Low,2024-07-29,Healthcare,1002
1,Alice Smith,Low,2024-07-29,Electronics,1533
1,Alice Smith,Low,2024-07-29,Utilities,993
1,Alice Smith,Low,2024-07-30,Groceries,1757
1,Alice Smith,Low,2024-07-30,Dining,1821
1,Alice Smith,Low,2024-07-30,Travel,743
1,Alice Smith,Low,2024-07-30,Shopping,1874
1,Alice Smith,Low,2024-07-30,Entertainment,766
1,Alice Smith,Low,2024-07-30,Healthcare,1392
1,Alice Smith,Low,2024-07-30,Electronics,700
1,Alice Smith,Low,2024-07-30,Utilities,738
1,Alice Smith,Low,2024-07-31,Groceries,1857
1,Alice Smith,Low,2024-07-31,Dining,1414
1,Alice Smith,Low,2024-07-31,Travel,1938
1,Alice Smith,Low,2024-07-31,Shopping,1468
1,Alice Smith,Low,2024-07-31,Entertainment,983
1,Alice Smith,Low,2024-07-31,Healthcare,1960
1,Alice Smith,Low,2024-07-31,Electronics,745
1,Alice Smith,Low,2024-07-31,Utilities,1531
1,Alice Smith,Low,2024-08-01,Groceries,651
1,Alice Smith,Low,2024-08-01,Dining,1915
1,Alice Smith,Low,2024-08-01,Travel,710
1,Alice Smith,Low,2024-08-01,Shopping,866
1,Alice Smith,Low,2024-08-01,Entertainment,1443
1,Alice Smith,Low,2024-08-01,Healthcare,585
1,Alice Smith,Low,2024-08-01,Electronics,1578
1,Alice Smith,Low,2024-08-01,Utilities,945
1,Alice Smith,Low,2024-08-02,Groceries,1119
1,Alice Smith,Low,2024-08-02,Dining,803
1,Alice Smith,Low,2024-08-02,Travel,631
1,Alice Smith,Low,2024-08-02,Shopping,1944
1,Alice Smith,Low,2024-08-02,Entertainment,1403
1,Alice Smith,Low,2024-08-02,Healthcare,1908
1,Alice Smith,Low,2024-08-02,Electronics,1487
1,Alice Smith,Low,2024-08-02,Utilities,1721
1,Alice Smith,Low,2024-08-03,Groceries,546
1,Alice Smith,Low,2024-08-03,Dining,1256
1,Alice Smith,Low,2024-08-03,Travel,1726
1,Alice Smith,Low,2024-08-03,Shopping,1784
1,Alice Smith,Low,2024-08-03,Entertainment,1189
1,Alice Smith,Low,2024-08-03,Healthcare,1547
1,Alice Smith,Low,2024-08-03,Electronics,1186
1,Alice Smith,Low,2024-08-03,Utilities,1285
1,Alice Smith,Low,2024-08-04,Groceries,839
1,Alice Smith,Low,2024-08-04,Dining,911
1,Alice Smith,Low,2024-08-04,Travel,1784
1,Alice Smith,Low,2024-08-04,Shopping,785
1,Alice Smith,Low,2024-08-04,Entertainment,1609
1,Alice Smith,Low,2024-08-04,Healthcare,1349
1,Alice Smith,Low,2024-08-04,Electronics,929
1,Alice Smith,Low,2024-08-04,Utilities,530
1,Alice Smith,Low,2024-08-05,Groceries,1102
1,Alice Smith,Low,2024-08-05,Dining,939
1,Alice Smith,Low,2024-08-05,Travel,1484
1,Alice Smith,Low,2024-08-05,Shopping,1872
1,Alice Smith,Low,2024-08-05,Entertainment,911
1,Alice Smith,Low,2024-08-05,Healthcare,1027
1,Alice Smith,Low,2024-08-05,Electronics,809
1,Alice Smith,Low,2024-08-05,Utilities,1448
1,Alice Smith,Low,2024-08-06,Groceries,1919
1,Alice Smith,Low,2024-08-06,Dining,1861
1,Alice Smith,Low,2024-08-06,Travel,1173
1,Alice Smith,Low,2024-08-06,Shopping,936
1,Alice Smith,Low,2024-08-06,Entertainment,1203
1,Alice Smith,Low,2024-08-06,Healthcare,1162
1,Alice Smith,Low,2024-08-06,Electronics,864
1,Alice Smith,Low,2024-08-06,Utilities,1422
1,Alice Smith,Low,2024-08-07,Groceries,612
1,Alice Smith,Low,2024-08-07,Dining,675
1,Alice Smith,Low,2024-08-07,Travel,1672
1,Alice Smith,Low,2024-08-07,Shopping,1701
1,Alice Smith,Low,2024-08-07,Entertainment,1435
1,Alice Smith,Low,2024-08-07,Healthcare,881
1,Alice Smith,Low,2024-08-07,Electronics,1746
1,Alice Smith,Low,2024-08-07,Utilities,1782
1,Alice Smith,Low,2024-08-08,Groceries,1712
1,Alice Smith,Low,2024-08-08,Dining,805
1,Alice Smith,Low,2024-08-08,Travel,1901
1,Alice Smith,Low,2024-08-08,Shopping,1101
1,Alice Smith,Low,2024-08-08,Entertainment,842
1,Alice Smith,Low,2024-08-08,Healthcare,655
1,Alice Smith,Low,2024-08-08,Electronics,1211
1,Alice Smith,Low,2024-08-08,Utilities,1578
1,Alice Smith,Low,2024-08-09,Groceries,1965
1,Alice Smith,Low,2024-08-09,Dining,1723
1,Alice Smith,Low,2024-08-09,Travel,902
1,Alice Smith,Low,2024-08-09,Shopping,1113
1,Alice Smith,Low,2024-08-09,Entertainment,1296
1,Alice Smith,Low,2024-08-09,Healthcare,1122
1,Alice Smith,Low,2024-08-09,Electronics,1102
1,Alice Smith,Low,2024-08-09,Utilities,676
1,Alice Smith,Low,2024-08-10,Groceries,948
1,Alice Smith,Low,2024-08-10,Dining,1242
1,Alice Smith,Low,2024-08-10,Travel,800
1,Alice Smith,Low,2024-08-10,Shopping,1206
1,Alice Smith,Low,2024-08-10,Entertainment,806
1,Alice Smith,Low,2024-08-10,Healthcare,1250
1,Alice Smith,Low,2024-08-10,Electronics,1368
1,Alice Smith,Low,2024-08-10,Utilities,1790
1,Alice Smith,Low,2024-08-11,Groceries,713
1,Alice Smith,Low,2024-08-11,Dining,982
1,Alice Smith,Low,2024-08-11,Travel,1785
1,Alice Smith,Low,2024-08-11,Shopping,1590
1,Alice Smith,Low,2024-08-11,Entertainment,632
1,Alice Smith,Low,2024-08-11,Healthcare,1011
1,Alice Smith,Low,2024-08-11,Electronics,710
1,Alice Smith,Low,2024-08-11,Utilities,1487
1,Alice Smith,Low,2024-08-12,Groceries,1486
1,Alice Smith,Low,2024-08-12,Dining,1216
1,Alice Smith,Low,2024-08-12,Travel,752
1,Alice Smith,Low,2024-08-12,Shopping,537
1,Alice Smith,Low,2024-08-12,Entertainment,1566
1,Alice Smith,Low,2024-08-12,Healthcare,1128
1,Alice Smith,Low,2024-08-12,Electronics,1928
1,Alice Smith,Low,2024-08-12,Utilities,1486
1,Alice Smith,Low,2024-08-13,Groceries,545
1,Alice Smith,Low,2024-08-13,Dining,1977
1,Alice Smith,Low,2024-08-13,Travel,804
1,Alice Smith,Low,2024-08-13,Shopping,732
1,Alice Smith,Low,2024-08-13,Entertainment,744
1,Alice Smith,Low,2024-08-13,Healthcare,1259
1,Alice Smith,Low,2024-08-13,Electronics,1818
1,Alice Smith,Low,2024-08-13,Utilities,1338
1,Alice Smith,Low,2024-08-14,Groceries,1906
1,Alice Smith,Low,2024-08-14,Dining,657
1,Alice Smith,Low,2024-08-14,Travel,1928
1,Alice Smith,Low,2024-08-14,Shopping,1524
1,Alice Smith,Low,2024-08-14,Entertainment,716
1,Alice Smith,Low,2024-08-14,Healthcare,1427
1,Alice Smith,Low,2024-08-14,Electronics,1006
1,Alice Smith,Low,2024-08-14,Utilities,1260
1,Alice Smith,Low,2024-08-15,Groceries,1403
1,Alice Smith,Low,2024-08-15,Dining,1080
1,Alice Smith,Low,2024-08-15,Travel,1553
1,Alice Smith,Low,2024-08-15,Shopping,1126
1,Alice Smith,Low,2024-08-15,Entertainment,1019
1,Alice Smith,Low,2024-08-15,Healthcare,774
1,Alice Smith,Low,2024-08-15,Electronics,991
1,Alice Smith,Low,2024-08-15,Utilities,1326
1,Alice Smith,Low,2024-08-16,Groceries,1450
1,Alice Smith,Low,2024-08-16,Dining,1425
1,Alice Smith,Low,2024-08-16,Travel,1346
1,Alice Smith,Low,2024-08-16,Shopping,1559
1,Alice Smith,Low,2024-08-16,Entertainment,1834
1,Alice Smith,Low,2024-08-16,Healthcare,1567
1,Alice Smith,Low,2024-08-16,Electronics,1678
1,Alice Smith,Low,2024-08-16,Utilities,1600
1,Alice Smith,Low,2024-08-17,Groceries,1961
1,Alice Smith,Low,2024-08-17,Dining,1955
1,Alice Smith,Low,2024-08-17,Travel,538
1,Alice Smith,Low,2024-08-17,Shopping,738
1,Alice Smith,Low,2024-08-17,Entertainment,1536
1,Alice Smith,Low,2024-08-17,Healthcare,621
1,Alice Smith,Low,2024-08-17,Electronics,643
1,Alice Smith,Low,2024-08-17,Utilities,1183
1,Alice Smith,Low,2024-08-18,Groceries,954
1,Alice Smith,Low,2024-08-18,Dining,867
1,Alice Smith,Low,2024-08-18,Travel,1258
1,Alice Smith,Low,2024-08-18,Shopping,746
1,Alice Smith,Low,2024-08-18,Entertainment,1422
1,Alice Smith,Low,2024-08-18,Healthcare,1568
1,Alice Smith,Low,2024-08-18,Electronics,1264
1,Alice Smith,Low,2024-08-18,Utilities,874
1,Alice Smith,Low,2024-08-19,Groceries,1814
1,Alice Smith,Low,2024-08-19,Dining,706
1,Alice Smith,Low,2024-08-19,Travel,1018
1,Alice Smith,Low,2024-08-19,Shopping,741
1,Alice Smith,Low,2024-08-19,Entertainment,1637
1,Alice Smith,Low,2024-08-19,Healthcare,1318
1,Alice Smith,Low,2024-08-19,Electronics,801
1,Alice Smith,Low,2024-08-19,Utilities,1799
1,Alice Smith,Low,2024-08-20,Groceries,1619
1,Alice Smith,Low,2024-08-20,Dining,1817
1,Alice Smith,Low,2024-08-20,Travel,1200
1,Alice Smith,Low,2024-08-20,Shopping,1883
1,Alice Smith,Low,2024-08-20,Entertainment,787
1,Alice Smith,Low,2024-08-20,Healthcare,653
1,Alice Smith,Low,2024-08-20,Electronics,922
1,Alice Smith,Low,2024-08-20,Utilities,1349
1,Alice Smith,Low,2024-08-21,Groceries,549
1,Alice Smith,Low,2024-08-21,Dining,1730
1,Alice Smith,Low,2024-08-21,Travel,1063
1,Alice Smith,Low,2024-08-21,Shopping,1353
1,Alice Smith,Low,2024-08-21,Entertainment,1382
1,Alice Smith,Low,2024-08-21,Healthcare,1161
1,Alice Smith,Low,2024-08-21,Electronics,1064
1,Alice Smith,Low,2024-08-21,Utilities,712
1,Alice Smith,Low,2024-08-22,Groceries,1589
1,Alice Smith,Low,2024-08-22,Dining,1755
1,Alice Smith,Low,2024-08-22,Travel,1310
1,Alice Smith,Low,2024-08-22,Shopping,1349
1,Alice Smith,Low,2024-08-22,Entertainment,1843
1,Alice Smith,Low,2024-08-22,Healthcare,1660
1,Alice Smith,Low,2024-08-22,Electronics,1380
1,Alice Smith,Low,2024-08-22,Utilities,1588
1,Alice Smith,Low,2024-08-23,Groceries,1655
1,Alice Smith,Low,2024-08-23,Dining,833
1,Alice Smith,Low,2024-08-23,Travel,531
1,Alice Smith,Low,2024-08-23,Shopping,1367
1,Alice Smith,Low,2024-08-23,Entertainment,1397
1,Alice Smith,Low,2024-08-23,Healthcare,1766
1,Alice Smith,Low,2024-08-23,Electronics,1715
1,Alice Smith,Low,2024-08-23,Utilities,1665
1,Alice Smith,Low,2024-08-24,Groceries,1100
1,Alice Smith,Low,2024-08-24,Dining,1487
1,Alice Smith,Low,2024-08-24,Travel,1714
1,Alice Smith,Low,2024-08-24,Shopping,1672
1,Alice Smith,Low,2024-08-24,Entertainment,1098
1,Alice Smith,Low,2024-08-24,Healthcare,1939
1,Alice Smith,Low,2024-08-24,Electronics,1019
1,Alice Smith,Low,2024-08-24,Utilities,1368
1,Alice Smith,Low,2024-08-25,Groceries,515
1,Alice Smith,Low,2024-08-25,Dining,1629
1,Alice Smith,Low,2024-08-25,Travel,782
1,Alice Smith,Low,2024-08-25,Shopping,1627
1,Alice Smith,Low,2024-08-25,Entertainment,860
1,Alice Smith,Low,2024-08-25,Healthcare,1558
1,Alice Smith,Low,2024-08-25,Electronics,612
1,Alice Smith,Low,2024-08-25,Utilities,807
1,Alice Smith,Low,2024-08-26,Groceries,1458
1,Alice Smith,Low,2024-08-26,Dining,1576
1,Alice Smith,Low,2024-08-26,Travel,1604
1,Alice Smith,Low,2024-08-26,Shopping,1333
1,Alice Smith,Low,2024-08-26,Entertainment,1892
1,Alice Smith,Low,2024-08-26,Healthcare,741
1,Alice Smith,Low,2024-08-26,Electronics,530
1,Alice Smith,Low,2024-08-26,Utilities,1203
1,Alice Smith,Low,2024-08-27,Groceries,1368
1,Alice Smith,Low,2024-08-27,Dining,1884
1,Alice Smith,Low,2024-08-27,Travel,732
1,Alice Smith,Low,2024-08-27,Shopping,1557
1,Alice Smith,Low,2024-08-27,Entertainment,1766
1,Alice Smith,Low,2024-08-27,Healthcare,1450
1,Alice Smith,Low,2024-08-27,Electronics,558
1,Alice Smith,Low,2024-08-27,Utilities,1270
1,Alice Smith,Low,2024-08-28,Groceries,1601
1,Alice Smith,Low,2024-08-28,Dining,1217
1,Alice Smith,Low,2024-08-28,Travel,801
1,Alice Smith,Low,2024-08-28,Shopping,1302
1,Alice Smith,Low,2024-08-28,Entertainment,1396
1,Alice Smith,Low,2024-08-28,Healthcare,611
1,Alice Smith,Low,2024-08-28,Electronics,1936
1,Alice Smith,Low,2024-08-28,Utilities,816
1,Alice Smith,Low,2024-08-29,Groceries,1668
1,Alice Smith,Low,2024-08-29,Dining,1167
1,Alice Smith,Low,2024-08-29,Travel,1189
1,Alice Smith,Low,2024-08-29,Shopping,517
1,Alice Smith,Low,2024-08-29,Entertainment,1874
1,Alice Smith,Low,2024-08-29,Healthcare,1678
1,Alice Smith,Low,2024-08-29,Electronics,1277
1,Alice Smith,Low,2024-08-29,Utilities,859
1,Alice Smith,Low,2024-08-30,Groceries,831
1,Alice Smith,Low,2024-08-30,Dining,1027
1,Alice Smith,Low,2024-08-30,Travel,511
1,Alice Smith,Low,2024-08-30,Shopping,1598
1,Alice Smith,Low,2024-08-30,Entertainment,711
1,Alice Smith,Low,2024-08-30,Healthcare,1140
1,Alice Smith,Low,2024-08-30,Electronics,782
1,Alice Smith,Low,2024-08-30,Utilities,1718
1,Alice Smith,Low,2024-08-31,Groceries,1279
1,Alice Smith,Low,2024-08-31,Dining,1553
1,Alice Smith,Low,2024-08-31,Travel,1532
1,Alice Smith,Low,2024-08-31,Shopping,1832
1,Alice Smith,Low,2024-08-31,Entertainment,1968
1,Alice Smith,Low,2024-08-31,Healthcare,1833
1,Alice Smith,Low,2024-08-31,Electronics,1176
1,Alice Smith,Low,2024-08-31,Utilities,1204
1,Alice Smith,Low,2024-09-01,Groceries,925
1,Alice Smith,Low,2024-09-01,Dining,1090
1,Alice Smith,Low,2024-09-01,Travel,590
1,Alice Smith,Low,2024-09-01,Shopping,955
1,Alice Smith,Low,2024-09-01,Entertainment,943
1,Alice Smith,Low,2024-09-01,Healthcare,578
1,Alice Smith,Low,2024-09-01,Electronics,1998
1,Alice Smith,Low,2024-09-01,Utilities,1426
1,Alice Smith,Low,2024-09-02,Groceries,602
1,Alice Smith,Low,2024-09-02,Dining,1122
1,Alice Smith,Low,2024-09-02,Travel,1979
1,Alice Smith,Low,2024-09-02,Shopping,1489
1,Alice Smith,Low,2024-09-02,Entertainment,1837
1,Alice Smith,Low,2024-09-02,Healthcare,1770
1,Alice Smith,Low,2024-09-02,Electronics,733
1,Alice Smith,Low,2024-09-02,Utilities,1143
1,Alice Smith,Low,2024-09-03,Groceries,1758
1,Alice Smith,Low,2024-09-03,Dining,1289
1,Alice Smith,Low,2024-09-03,Travel,886
1,Alice Smith,Low,2024-09-03,Shopping,1346
1,Alice Smith,Low,2024-09-03,Entertainment,537
1,Alice Smith,Low,2024-09-03,Healthcare,1684
1,Alice Smith,Low,2024-09-03,Electronics,1985
1,Alice Smith,Low,2024-09-03,Utilities,1972
1,Alice Smith,Low,2024-09-04,Groceries,1640
1,Alice Smith,Low,2024-09-04,Dining,740
1,Alice Smith,Low,2024-09-04,Travel,1549
1,Alice Smith,Low,2024-09-04,Shopping,1061
1,Alice Smith,Low,2024-09-04,Entertainment,1305
1,Alice Smith,Low,2024-09-04,Healthcare,797
1,Alice Smith,Low,2024-09-04,Electronics,1304
1,Alice Smith,Low,2024-09-04,Utilities,653
1,Alice Smith,Low,2024-09-05,Groceries,1231
1,Alice Smith,Low,2024-09-05,Dining,967
1,Alice Smith,Low,2024-09-05,Travel,548
1,Alice Smith,Low,2024-09-05,Shopping,545
1,Alice Smith,Low,2024-09-05,Entertainment,1808
1,Alice Smith,Low,2024-09-05,Healthcare,1279
1,Alice Smith,Low,2024-09-05,Electronics,581
1,Alice Smith,Low,2024-09-05,Utilities,1567
1,Alice Smith,Low,2024-09-06,Groceries,1454
1,Alice Smith,Low,2024-09-06,Dining,772
1,Alice Smith,Low,2024-09-06,Travel,893
1,Alice Smith,Low,2024-09-06,Shopping,1289
1,Alice Smith,Low,2024-09-06,Entertainment,1094
1,Alice Smith,Low,2024-09-06,Healthcare,557
1,Alice Smith,Low,2024-09-06,Electronics,1064
1,Alice Smith,Low,2024-09-06,Utilities,500
1,Alice Smith,Low,2024-09-07,Groceries,715
1,Alice Smith,Low,2024-09-07,Dining,1840
1,Alice Smith,Low,2024-09-07,Travel,1751
1,Alice Smith,Low,2024-09-07,Shopping,1996
1,Alice Smith,Low,2024-09-07,Entertainment,1265
1,Alice Smith,Low,2024-09-07,Healthcare,1170
1,Alice Smith,Low,2024-09-07,Electronics,1810
1,Alice Smith,Low,2024-09-07,Utilities,1010
1,Alice Smith,Low,2024-09-08,Groceries,1414
1,Alice Smith,Low,2024-09-08,Dining,1981
1,Alice Smith,Low,2024-09-08,Travel,594
1,Alice Smith,Low,2024-09-08,Shopping,992
1,Alice Smith,Low,2024-09-08,Entertainment,1264
1,Alice Smith,Low,2024-09-08,Healthcare,1521
1,Alice Smith,Low,2024-09-08,Electronics,649
1,Alice Smith,Low,2024-09-08,Utilities,1546
1,Alice Smith,Low,2024-09-09,Groceries,1255
1,Alice Smith,Low,2024-09-09,Dining,1738
1,Alice Smith,Low,2024-09-09,Travel,898
1,Alice Smith,Low,2024-09-09,Shopping,909
1,Alice Smith,Low,2024-09-09,Entertainment,630
1,Alice Smith,Low,2024-09-09,Healthcare,1354
1,Alice Smith,Low,2024-09-09,Electronics,647
1,Alice Smith,Low,2024-09-09,Utilities,880
1,Alice Smith,Low,2024-09-10,Groceries,1632
1,Alice Smith,Low,2024-09-10,Dining,1051
1,Alice Smith,Low,2024-09-10,Travel,1644
1,Alice Smith,Low,2024-09-10,Shopping,794
1,Alice Smith,Low,2024-09-10,Entertainment,1643
1,Alice Smith,Low,2024-09-10,Healthcare,955
1,Alice Smith,Low,2024-09-10,Electronics,668
1,Alice Smith,Low,2024-09-10,Utilities,1209
1,Alice Smith,Low,2024-09-11,Groceries,1666
1,Alice Smith,Low,2024-09-11,Dining,536
1,Alice Smith,Low,2024-09-11,Travel,1784
1,Alice Smith,Low,2024-09-11,Shopping,730
1,Alice Smith,Low,2024-09-11,Entertainment,753
1,Alice Smith,Low,2024-09-11,Healthcare,828
1,Alice Smith,Low,2024-09-11,Electronics,1820
1,Alice Smith,Low,2024-09-11,Utilities,1479
1,Alice Smith,Low,2024-09-12,Groceries,509
1,Alice Smith,Low,2024-09-12,Dining,945
1,Alice Smith,Low,2024-09-12,Travel,1421
1,Alice Smith,Low,2024-09-12,Shopping,1335
1,Alice Smith,Low,2024-09-12,Entertainment,1753
1,Alice Smith,Low,2024-09-12,Healthcare,577
1,Alice Smith,Low,2024-09-12,Electronics,1948
1,Alice Smith,Low,2024-09-12,Utilities,692
1,Alice Smith,Low,2024-09-13,Groceries,900
1,Alice Smith,Low,2024-09-13,Dining,608
1,Alice Smith,Low,2024-09-13,Travel,1291
1,Alice Smith,Low,2024-09-13,Shopping,762
1,Alice Smith,Low,2024-09-13,Entertainment,828
1,Alice Smith,Low,2024-09-13,Healthcare,862
1,Alice Smith,Low,2024-09-13,Electronics,1901
1,Alice Smith,Low,2024-09-13,Utilities,1864
1,Alice Smith,Low,2024-09-14,Groceries,758
1,Alice Smith,Low,2024-09-14,Dining,1858
1,Alice Smith,Low,2024-09-14,Travel,584
1,Alice Smith,Low,2024-09-14,Shopping,807
1,Alice Smith,Low,2024-09-14,Entertainment,761
1,Alice Smith,Low,2024-09-14,Healthcare,1296
1,Alice Smith,Low,2024-09-14,Electronics,1130
1,Alice Smith,Low,2024-09-14,Utilities,1179
1,Alice Smith,Low,2024-09-15,Groceries,1364
1,Alice Smith,Low,2024-09-15,Dining,1975
1,Alice Smith,Low,2024-09-15,Travel,1774
1,Alice Smith,Low,2024-09-15,Shopping,823
1,Alice Smith,Low,2024-09-15,Entertainment,1424
1,Alice Smith,Low,2024-09-15,Healthcare,1752
1,Alice Smith,Low,2024-09-15,Electronics,1820
1,Alice Smith,Low,2024-09-15,Utilities,1226
1,Alice Smith,Low,2024-09-16,Groceries,1760
1,Alice Smith,Low,2024-09-16,Dining,1477
1,Alice Smith,Low,2024-09-16,Travel,716
1,Alice Smith,Low,2024-09-16,Shopping,1769
1,Alice Smith,Low,2024-09-16,Entertainment,947
1,Alice Smith,Low,2024-09-16,Healthcare,818
1,Alice Smith,Low,2024-09-16,Electronics,1493
1,Alice Smith,Low,2024-09-16,Utilities,1955
1,Alice Smith,Low,2024-09-17,Groceries,1927
1,Alice Smith,Low,2024-09-17,Dining,536
1,Alice Smith,Low,2024-09-17,Travel,1230
1,Alice Smith,Low,2024-09-17,Shopping,1865
1,Alice Smith,Low,2024-09-17,Entertainment,1510
1,Alice Smith,Low,2024-09-17,Healthcare,1912
1,Alice Smith,Low,2024-09-17,Electronics,1557
1,Alice Smith,Low,2024-09-17,Utilities,538
1,Alice Smith,Low,2024-09-18,Groceries,708
1,Alice Smith,Low,2024-09-18,Dining,1329
1,Alice Smith,Low,2024-09-18,Travel,1355
1,Alice Smith,Low,2024-09-18,Shopping,1675
1,Alice Smith,Low,2024-09-18,Entertainment,1398
1,Alice Smith,Low,2024-09-18,Healthcare,1888
1,Alice Smith,Low,2024-09-18,Electronics,1722
1,Alice Smith,Low,2024-09-18,Utilities,1100
1,Alice Smith,Low,2024-09-19,Groceries,1259
1,Alice Smith,Low,2024-09-19,Dining,1602
1,Alice Smith,Low,2024-09-19,Travel,933
1,Alice Smith,Low,2024-09-19,Shopping,1341
1,Alice Smith,Low,2024-09-19,Entertainment,531
1,Alice Smith,Low,2024-09-19,Healthcare,1610
1,Alice Smith,Low,2024-09-19,Electronics,892
1,Alice Smith,Low,2024-09-19,Utilities,1767
1,Alice Smith,Low,2024-09-20,Groceries,1755
1,Alice Smith,Low,2024-09-20,Dining,1409
1,Alice Smith,Low,2024-09-20,Travel,691
1,Alice Smith,Low,2024-09-20,Shopping,769
1,Alice Smith,Low,2024-09-20,Entertainment,1237
1,Alice Smith,Low,2024-09-20,Healthcare,576
1,Alice Smith,Low,2024-09-20,Electronics,1234
1,Alice Smith,Low,2024-09-20,Utilities,1383
1,Alice Smith,Low,2024-09-21,Groceries,1690
1,Alice Smith,Low,2024-09-21,Dining,783
1,Alice Smith,Low,2024-09-21,Travel,1612
1,Alice Smith,Low,2024-09-21,Shopping,1043
1,Alice Smith,Low,2024-09-21,Entertainment,1148
1,Alice Smith,Low,2024-09-21,Healthcare,1679
1,Alice Smith,Low,2024-09-21,Electronics,749
1,Alice Smith,Low,2024-09-21,Utilities,594
1,Alice Smith,Low,2024-09-22,Groceries,516
1,Alice Smith,Low,2024-09-22,Dining,616
1,Alice Smith,Low,2024-09-22,Travel,1482
1,Alice Smith,Low,2024-09-22,Shopping,832
1,Alice Smith,Low,2024-09-22,Entertainment,1603
1,Alice Smith,Low,2024-09-22,Healthcare,1145
1,Alice Smith,Low,2024-09-22,Electronics,1955
1,Alice Smith,Low,2024-09-22,Utilities,1726
1,Alice Smith,Low,2024-09-23,Groceries,615
1,Alice Smith,Low,2024-09-23,Dining,1462
1,Alice Smith,Low,2024-09-23,Travel,1743
1,Alice Smith,Low,2024-09-23,Shopping,1776
1,Alice Smith,Low,2024-09-23,Entertainment,1692
1,Alice Smith,Low,2024-09-23,Healthcare,1346
1,Alice Smith,Low,2024-09-23,Electronics,815
1,Alice Smith,Low,2024-09-23,Utilities,1309
1,Alice Smith,Low,2024-09-24,Groceries,871
1,Alice Smith,Low,2024-09-24,Dining,1259
1,Alice Smith,Low,2024-09-24,Travel,1376
1,Alice Smith,Low,2024-09-24,Shopping,1476
1,Alice Smith,Low,2024-09-24,Entertainment,655
1,Alice Smith,Low,2024-09-24,Healthcare,1113
1,Alice Smith,Low,2024-09-24,Electronics,1536
1,Alice Smith,Low,2024-09-24,Utilities,1007
1,Alice Smith,Low,2024-09-25,Groceries,964
1,Alice Smith,Low,2024-09-25,Dining,1282
1,Alice Smith,Low,2024-09-25,Travel,1303
1,Alice Smith,Low,2024-09-25,Shopping,719
1,Alice Smith,Low,2024-09-25,Entertainment,514
1,Alice Smith,Low,2024-09-25,Healthcare,616
1,Alice Smith,Low,2024-09-25,Electronics,830
1,Alice Smith,Low,2024-09-25,Utilities,555
1,Alice Smith,Low,2024-09-26,Groceries,1874
1,Alice Smith,Low,2024-09-26,Dining,1655
1,Alice Smith,Low,2024-09-26,Travel,1749
1,Alice Smith,Low,2024-09-26,Shopping,807
1,Alice Smith,Low,2024-09-26,Entertainment,1998
1,Alice Smith,Low,2024-09-26,Healthcare,721
1,Alice Smith,Low,2024-09-26,Electronics,1696
1,Alice Smith,Low,2024-09-26,Utilities,1863
1,Alice Smith,Low,2024-09-27,Groceries,1296
1,Alice Smith,Low,2024-09-27,Dining,1680
1,Alice Smith,Low,2024-09-27,Travel,650
1,Alice Smith,Low,2024-09-27,Shopping,1701
1,Alice Smith,Low,2024-09-27,Entertainment,611
1,Alice Smith,Low,2024-09-27,Healthcare,1182
1,Alice Smith,Low,2024-09-27,Electronics,1661
1,Alice Smith,Low,2024-09-27,Utilities,1756
1,Alice Smith,Low,2024-09-28,Groceries,831
1,Alice Smith,Low,2024-09-28,Dining,1392
1,Alice Smith,Low,2024-09-28,Travel,1830
1,Alice Smith,Low,2024-09-28,Shopping,660
1,Alice Smith,Low,2024-09-28,Entertainment,1925
1,Alice Smith,Low,2024-09-28,Healthcare,777
1,Alice Smith,Low,2024-09-28,Electronics,1843
1,Alice Smith,Low,2024-09-28,Utilities,1396
1,Alice Smith,Low,2024-09-29,Groceries,996
1,Alice Smith,Low,2024-09-29,Dining,1886
1,Alice Smith,Low,2024-09-29,Travel,1895
1,Alice Smith,Low,2024-09-29,Shopping,1154
1,Alice Smith,Low,2024-09-29,Entertainment,1559
1,Alice Smith,Low,2024-09-29,Healthcare,802
1,Alice Smith,Low,2024-09-29,Electronics,937
1,Alice Smith,Low,2024-09-29,Utilities,1225
1,Alice Smith,Low,2024-09-30,Groceries,1555
1,Alice Smith,Low,2024-09-30,Dining,685
1,Alice Smith,Low,2024-09-30,Travel,1697
1,Alice Smith,Low,2024-09-30,Shopping,1172
1,Alice Smith,Low,2024-09-30,Entertainment,1773
1,Alice Smith,Low,2024-09-30,Healthcare,1500
1,Alice Smith,Low,2024-09-30,Electronics,778
1,Alice Smith,Low,2024-09-30,Utilities,1182
1,Alice Smith,Low,2024-10-01,Groceries,1525
1,Alice Smith,Low,2024-10-01,Dining,1717
1,Alice Smith,Low,2024-10-01,Travel,1689
1,Alice Smith,Low,2024-10-01,Shopping,1510
1,Alice Smith,Low,2024-10-01,Entertainment,1424
1,Alice Smith,Low,2024-10-01,Healthcare,1633
1,Alice Smith,Low,2024-10-01,Electronics,879
1,Alice Smith,Low,2024-10-01,Utilities,1334
1,Alice Smith,Low,2024-10-02,Groceries,1498
1,Alice Smith,Low,2024-10-02,Dining,784
1,Alice Smith,Low,2024-10-02,Travel,920
1,Alice Smith,Low,2024-10-02,Shopping,612
1,Alice Smith,Low,2024-10-02,Entertainment,1517
1,Alice Smith,Low,2024-10-02,Healthcare,727
1,Alice Smith,Low,2024-10-02,Electronics,1994
1,Alice Smith,Low,2024-10-02,Utilities,1027
1,Alice Smith,Low,2024-10-03,Groceries,995
1,Alice Smith,Low,2024-10-03,Dining,530
1,Alice Smith,Low,2024-10-03,Travel,661
1,Alice Smith,Low,2024-10-03,Shopping,1204
1,Alice Smith,Low,2024-10-03,Entertainment,1221
1,Alice Smith,Low,2024-10-03,Healthcare,1901
1,Alice Smith,Low,2024-10-03,Electronics,945
1,Alice Smith,Low,2024-10-03,Utilities,1243
1,Alice Smith,Low,2024-10-04,Groceries,926
1,Alice Smith,Low,2024-10-04,Dining,1003
1,Alice Smith,Low,2024-10-04,Travel,1220
1,Alice Smith,Low,2024-10-04,Shopping,1183
1,Alice Smith,Low,2024-10-04,Entertainment,1081
1,Alice Smith,Low,2024-10-04,Healthcare,1557
1,Alice Smith,Low,2024-10-04,Electronics,1235
1,Alice Smith,Low,2024-10-04,Utilities,1190
1,Alice Smith,Low,2024-10-05,Groceries,1257
1,Alice Smith,Low,2024-10-05,Dining,1253
1,Alice Smith,Low,2024-10-05,Travel,1946
1,Alice Smith,Low,2024-10-05,Shopping,1991
1,Alice Smith,Low,2024-10-05,Entertainment,523
1,Alice Smith,Low,2024-10-05,Healthcare,1739
1,Alice Smith,Low,2024-10-05,Electronics,554
1,Alice Smith,Low,2024-10-05,Utilities,1549
1,Alice Smith,Low,2024-10-06,Groceries,1804
1,Alice Smith,Low,2024-10-06,Dining,1303
1,Alice Smith,Low,2024-10-06,Travel,826
1,Alice Smith,Low,2024-10-06,Shopping,1469
1,Alice Smith,Low,2024-10-06,Entertainment,685
1,Alice Smith,Low,2024-10-06,Healthcare,994
1,Alice Smith,Low,2024-10-06,Electronics,1535
1,Alice Smith,Low,2024-10-06,Utilities,933
1,Alice Smith,Low,2024-10-07,Groceries,707
1,Alice Smith,Low,2024-10-07,Dining,632
1,Alice Smith,Low,2024-10-07,Travel,1862
1,Alice Smith,Low,2024-10-07,Shopping,1719
1,Alice Smith,Low,2024-10-07,Entertainment,1785
1,Alice Smith,Low,2024-10-07,Healthcare,1805
1,Alice Smith,Low,2024-10-07,Electronics,868
1,Alice Smith,Low,2024-10-07,Utilities,1626
1,Alice Smith,Low,2024-10-08,Groceries,1706
1,Alice Smith,Low,2024-10-08,Dining,922
1,Alice Smith,Low,2024-10-08,Travel,1532
1,Alice Smith,Low,2024-10-08,Shopping,743
1,Alice Smith,Low,2024-10-08,Entertainment,1281
1,Alice Smith,Low,2024-10-08,Healthcare,1123
1,Alice Smith,Low,2024-10-08,Electronics,1066
1,Alice Smith,Low,2024-10-08,Utilities,1916
1,Alice Smith,Low,2024-10-09,Groceries,1026
1,Alice Smith,Low,2024-10-09,Dining,536
1,Alice Smith,Low,2024-10-09,Travel,677
1,Alice Smith,Low,2024-10-09,Shopping,1138
1,Alice Smith,Low,2024-10-09,Entertainment,1351
1,Alice Smith,Low,2024-10-09,Healthcare,571
1,Alice Smith,Low,2024-10-09,Electronics,851
1,Alice Smith,Low,2024-10-09,Utilities,1122
1,Alice Smith,Low,2024-10-10,Groceries,1672
1,Alice Smith,Low,2024-10-10,Dining,604
1,Alice Smith,Low,2024-10-10,Travel,720
1,Alice Smith,Low,2024-10-10,Shopping,1362
1,Alice Smith,Low,2024-10-10,Entertainment,1897
1,Alice Smith,Low,2024-10-10,Healthcare,1017
1,Alice Smith,Low,2024-10-10,Electronics,1783
1,Alice Smith,Low,2024-10-10,Utilities,798
1,Alice Smith,Low,2024-10-11,Groceries,1360
1,Alice Smith,Low,2024-10-11,Dining,541
1,Alice Smith,Low,2024-10-11,Travel,1270
1,Alice Smith,Low,2024-10-11,Shopping,1396
1,Alice Smith,Low,2024-10-11,Entertainment,991
1,Alice Smith,Low,2024-10-11,Healthcare,1962
1,Alice Smith,Low,2024-10-11,Electronics,1570
1,Alice Smith,Low,2024-10-11,Utilities,584
1,Alice Smith,Low,2024-10-12,Groceries,1581
1,Alice Smith,Low,2024-10-12,Dining,1490
1,Alice Smith,Low,2024-10-12,Travel,1210
1,Alice Smith,Low,2024-10-12,Shopping,708
1,Alice Smith,Low,2024-10-12,Entertainment,1771
1,Alice Smith,Low,2024-10-12,Healthcare,1734
1,Alice Smith,Low,2024-10-12,Electronics,538
1,Alice Smith,Low,2024-10-12,Utilities,1775
1,Alice Smith,Low,2024-10-13,Groceries,1425
1,Alice Smith,Low,2024-10-13,Dining,1261
1,Alice Smith,Low,2024-10-13,Travel,1936
1,Alice Smith,Low,2024-10-13,Shopping,1445
1,Alice Smith,Low,2024-10-13,Entertainment,1969
1,Alice Smith,Low,2024-10-13,Healthcare,551
1,Alice Smith,Low,2024-10-13,Electronics,873
1,Alice Smith,Low,2024-10-13,Utilities,1430
1,Alice Smith,Low,2024-10-14,Groceries,655
1,Alice Smith,Low,2024-10-14,Dining,1613
1,Alice Smith,Low,2024-10-14,Travel,1178
1,Alice Smith,Low,2024-10-14,Shopping,850
1,Alice Smith,Low,2024-10-14,Entertainment,568
1,Alice Smith,Low,2024-10-14,Healthcare,1686
1,Alice Smith,Low,2024-10-14,Electronics,1765
1,Alice Smith,Low,2024-10-14,Utilities,1906
1,Alice Smith,Low,2024-10-15,Groceries,1575
1,Alice Smith,Low,2024-10-15,Dining,1153
1,Alice Smith,Low,2024-10-15,Travel,562
1,Alice Smith,Low,2024-10-15,Shopping,1008
1,Alice Smith,Low,2024-10-15,Entertainment,791
1,Alice Smith,Low,2024-10-15,Healthcare,1614
1,Alice Smith,Low,2024-10-15,Electronics,1947
1,Alice Smith,Low,2024-10-15,Utilities,1320
1,Alice Smith,Low,2024-10-16,Groceries,1888
1,Alice Smith,Low,2024-10-16,Dining,649
1,Alice Smith,Low,2024-10-16,Travel,1794
1,Alice Smith,Low,2024-10-16,Shopping,1380
1,Alice Smith,Low,2024-10-16,Entertainment,1639
1,Alice Smith,Low,2024-10-16,Healthcare,1203
1,Alice Smith,Low,2024-10-16,Electronics,1015
1,Alice Smith,Low,2024-10-16,Utilities,1764
1,Alice Smith,Low,2024-10-17,Groceries,529
1,Alice Smith,Low,2024-10-17,Dining,1666
1,Alice Smith,Low,2024-10-17,Travel,825
1,Alice Smith,Low,2024-10-17,Shopping,1448
1,Alice Smith,Low,2024-10-17,Entertainment,515
1,Alice Smith,Low,2024-10-17,Healthcare,610
1,Alice Smith,Low,2024-10-17,Electronics,1371
1,Alice Smith,Low,2024-10-17,Utilities,1212
1,Alice Smith,Low,2024-10-18,Groceries,606
1,Alice Smith,Low,2024-10-18,Dining,878
1,Alice Smith,Low,2024-10-18,Travel,661
1,Alice Smith,Low,2024-10-18,Shopping,782
1,Alice Smith,Low,2024-10-18,Entertainment,768
1,Alice Smith,Low,2024-10-18,Healthcare,983
1,Alice Smith,Low,2024-10-18,Electronics,1166
1,Alice Smith,Low,2024-10-18,Utilities,1596
1,Alice Smith,Low,2024-10-19,Groceries,1720
1,Alice Smith,Low,2024-10-19,Dining,1766
1,Alice Smith,Low,2024-10-19,Travel,1097
1,Alice Smith,Low,2024-10-19,Shopping,1298
1,Alice Smith,Low,2024-10-19,Entertainment,1782
1,Alice Smith,Low,2024-10-19,Healthcare,1297
1,Alice Smith,Low,2024-10-19,Electronics,1672
1,Alice Smith,Low,2024-10-19,Utilities,889
1,Alice Smith,Low,2024-10-20,Groceries,915
1,Alice Smith,Low,2024-10-20,Dining,925
1,Alice Smith,Low,2024-10-20,Travel,1496
1,Alice Smith,Low,2024-10-20,Shopping,1740
1,Alice Smith,Low,2024-10-20,Entertainment,1366
1,Alice Smith,Low,2024-10-20,Healthcare,585
1,Alice Smith,Low,2024-10-20,Electronics,1739
1,Alice Smith,Low,2024-10-20,Utilities,922
1,Alice Smith,Low,2024-10-21,Groceries,1843
1,Alice Smith,Low,2024-10-21,Dining,617
1,Alice Smith,Low,2024-10-21,Travel,1458
1,Alice Smith,Low,2024-10-21,Shopping,1381
1,Alice Smith,Low,2024-10-21,Entertainment,1491
1,Alice Smith,Low,2024-10-21,Healthcare,914
1,Alice Smith,Low,2024-10-21,Electronics,1098
1,Alice Smith,Low,2024-10-21,Utilities,539
1,Alice Smith,Low,2024-10-22,Groceries,1684
1,Alice Smith,Low,2024-10-22,Dining,1202
1,Alice Smith,Low,2024-10-22,Travel,1036
1,Alice Smith,Low,2024-10-22,Shopping,919
1,Alice Smith,Low,2024-10-22,Entertainment,1163
1,Alice Smith,Low,2024-10-22,Healthcare,594
1,Alice Smith,Low,2024-10-22,Electronics,1965
1,Alice Smith,Low,2024-10-22,Utilities,1472
1,Alice Smith,Low,2024-10-23,Groceries,1149
1,Alice Smith,Low,2024-10-23,Dining,1989
1,Alice Smith,Low,2024-10-23,Travel,787
1,Alice Smith,Low,2024-10-23,Shopping,911
1,Alice Smith,Low,2024-10-23,Entertainment,899
1,Alice Smith,Low,2024-10-23,Healthcare,1027
1,Alice Smith,Low,2024-10-23,Electronics,1541
1,Alice Smith,Low,2024-10-23,Utilities,635
1,Alice Smith,Low,2024-10-24,Groceries,1987
1,Alice Smith,Low,2024-10-24,Dining,1258
1,Alice Smith,Low,2024-10-24,Travel,1771
1,Alice Smith,Low,2024-10-24,Shopping,1342
1,Alice Smith,Low,2024-10-24,Entertainment,1209
1,Alice Smith,Low,2024-10-24,Healthcare,1524
1,Alice Smith,Low,2024-10-24,Electronics,880
1,Alice Smith,Low,2024-10-24,Utilities,1008
1,Alice Smith,Low,2024-10-25,Groceries,1983
1,Alice Smith,Low,2024-10-25,Dining,1305
1,Alice Smith,Low,2024-10-25,Travel,975
1,Alice Smith,Low,2024-10-25,Shopping,1453
1,Alice Smith,Low,2024-10-25,Entertainment,1348
1,Alice Smith,Low,2024-10-25,Healthcare,1396
1,Alice Smith,Low,2024-10-25,Electronics,531
1,Alice Smith,Low,2024-10-25,Utilities,617
1,Alice Smith,Low,2024-10-26,Groceries,1707
1,Alice Smith,Low,2024-10-26,Dining,690
1,Alice Smith,Low,2024-10-26,Travel,573
1,Alice Smith,Low,2024-10-26,Shopping,1122
1,Alice Smith,Low,2024-10-26,Entertainment,1626
1,Alice Smith,Low,2024-10-26,Healthcare,1370
1,Alice Smith,Low,2024-10-26,Electronics,1085
1,Alice Smith,Low,2024-10-26,Utilities,919
1,Alice Smith,Low,2024-10-27,Groceries,972
1,Alice Smith,Low,2024-10-27,Dining,613
1,Alice Smith,Low,2024-10-27,Travel,1902
1,Alice Smith,Low,2024-10-27,Shopping,1836
1,Alice Smith,Low,2024-10-27,Entertainment,829
1,Alice Smith,Low,2024-10-27,Healthcare,838
1,Alice Smith,Low,2024-10-27,Electronics,737
1,Alice Smith,Low,2024-10-27,Utilities,1696
1,Alice Smith,Low,2024-10-28,Groceries,578
1,Alice Smith,Low,2024-10-28,Dining,963
1,Alice Smith,Low,2024-10-28,Travel,1104
1,Alice Smith,Low,2024-10-28,Shopping,1061
1,Alice Smith,Low,2024-10-28,Entertainment,784
1,Alice Smith,Low,2024-10-28,Healthcare,722
1,Alice Smith,Low,2024-10-28,Electronics,1092
1,Alice Smith,Low,2024-10-28,Utilities,1789
1,Alice Smith,Low,2024-10-29,Groceries,872
1,Alice Smith,Low,2024-10-29,Dining,1756
1,Alice Smith,Low,2024-10-29,Travel,1410
1,Alice Smith,Low,2024-10-29,Shopping,1327
1,Alice Smith,Low,2024-10-29,Entertainment,735
1,Alice Smith,Low,2024-10-29,Healthcare,1170
1,Alice Smith,Low,2024-10-29,Electronics,1327
1,Alice Smith,Low,2024-10-29,Utilities,1262
1,Alice Smith,Low,2024-10-30,Groceries,1837
1,Alice Smith,Low,2024-10-30,Dining,879
1,Alice Smith,Low,2024-10-30,Travel,1293
1,Alice Smith,Low,2024-10-30,Shopping,1113
1,Alice Smith,Low,2024-10-30,Entertainment,1062
1,Alice Smith,Low,2024-10-30,Healthcare,919
1,Alice Smith,Low,2024-10-30,Electronics,551
1,Alice Smith,Low,2024-10-30,Utilities,1318
1,Alice Smith,Low,2024-10-31,Groceries,704
1,Alice Smith,Low,2024-10-31,Dining,1500
1,Alice Smith,Low,2024-10-31,Travel,1230
1,Alice Smith,Low,2024-10-31,Shopping,756
1,Alice Smith,Low,2024-10-31,Entertainment,684
1,Alice Smith,Low,2024-10-31,Healthcare,644
1,Alice Smith,Low,2024-10-31,Electronics,1537
1,Alice Smith,Low,2024-10-31,Utilities,745
1,Alice Smith,Low,2024-11-01,Groceries,686
1,Alice Smith,Low,2024-11-01,Dining,1860
1,Alice Smith,Low,2024-11-01,Travel,1782
1,Alice Smith,Low,2024-11-01,Shopping,1365
1,Alice Smith,Low,2024-11-01,Entertainment,539
1,Alice Smith,Low,2024-11-01,Healthcare,1100
1,Alice Smith,Low,2024-11-01,Electronics,1461
1,Alice Smith,Low,2024-11-01,Utilities,1941
1,Alice Smith,Low,2024-11-02,Groceries,1485
1,Alice Smith,Low,2024-11-02,Dining,1874
1,Alice Smith,Low,2024-11-02,Travel,508
1,Alice Smith,Low,2024-11-02,Shopping,849
1,Alice Smith,Low,2024-11-02,Entertainment,583
1,Alice Smith,Low,2024-11-02,Healthcare,1032
1,Alice Smith,Low,2024-11-02,Electronics,1488
1,Alice Smith,Low,2024-11-02,Utilities,857
1,Alice Smith,Low,2024-11-03,Groceries,877
1,Alice Smith,Low,2024-11-03,Dining,671
1,Alice Smith,Low,2024-11-03,Travel,1548
1,Alice Smith,Low,2024-11-03,Shopping,892
1,Alice Smith,Low,2024-11-03,Entertainment,1626
1,Alice Smith,Low,2024-11-03,Healthcare,1201
1,Alice Smith,Low,2024-11-03,Electronics,1759
1,Alice Smith,Low,2024-11-03,Utilities,1933
1,Alice Smith,Low,2024-11-04,Groceries,1048
1,Alice Smith,Low,2024-11-04,Dining,1283
1,Alice Smith,Low,2024-11-04,Travel,831
1,Alice Smith,Low,2024-11-04,Shopping,1293
1,Alice Smith,Low,2024-11-04,Entertainment,1148
1,Alice Smith,Low,2024-11-04,Healthcare,1482
1,Alice Smith,Low,2024-11-04,Electronics,1552
1,Alice Smith,Low,2024-11-04,Utilities,1042
1,Alice Smith,Low,2024-11-05,Groceries,1542
1,Alice Smith,Low,2024-11-05,Dining,1671
1,Alice Smith,Low,2024-11-05,Travel,1994
1,Alice Smith,Low,2024-11-05,Shopping,990
1,Alice Smith,Low,2024-11-05,Entertainment,782
1,Alice Smith,Low,2024-11-05,Healthcare,1361
1,Alice Smith,Low,2024-11-05,Electronics,612
1,Alice Smith,Low,2024-11-05,Utilities,1978
1,Alice Smith,Low,2024-11-06,Groceries,1853
1,Alice Smith,Low,2024-11-06,Dining,1778
1,Alice Smith,Low,2024-11-06,Travel,1922
1,Alice Smith,Low,2024-11-06,Shopping,1361
1,Alice Smith,Low,2024-11-06,Entertainment,1109
1,Alice Smith,Low,2024-11-06,Healthcare,1007
1,Alice Smith,Low,2024-11-06,Electronics,965
1,Alice Smith,Low,2024-11-06,Utilities,1323
1,Alice Smith,Low,2024-11-07,Groceries,1930
1,Alice Smith,Low,2024-11-07,Dining,1108
1,Alice Smith,Low,2024-11-07,Travel,1621
1,Alice Smith,Low,2024-11-07,Shopping,789
1,Alice Smith,Low,2024-11-07,Entertainment,1367
1,Alice Smith,Low,2024-11-07,Healthcare,1679
1,Alice Smith,Low,2024-11-07,Electronics,1281
1,Alice Smith,Low,2024-11-07,Utilities,661
1,Alice Smith,Low,2024-11-08,Groceries,1123
1,Alice Smith,Low,2024-11-08,Dining,1216
1,Alice Smith,Low,2024-11-08,Travel,1620
1,Alice Smith,Low,2024-11-08,Shopping,1900
1,Alice Smith,Low,2024-11-08,Entertainment,1066
1,Alice Smith,Low,2024-11-08,Healthcare,1973
1,Alice Smith,Low,2024-11-08,Electronics,1493
1,Alice Smith,Low,2024-11-08,Utilities,1640
1,Alice Smith,Low,2024-11-09,Groceries,1712
1,Alice Smith,Low,2024-11-09,Dining,1999
1,Alice Smith,Low,2024-11-09,Travel,1846
1,Alice Smith,Low,2024-11-09,Shopping,1095
1,Alice Smith,Low,2024-11-09,Entertainment,1703
1,Alice Smith,Low,2024-11-09,Healthcare,1704
1,Alice Smith,Low,2024-11-09,Electronics,1458
1,Alice Smith,Low,2024-11-09,Utilities,1512
1,Alice Smith,Low,2024-11-10,Groceries,1810
1,Alice Smith,Low,2024-11-10,Dining,974
1,Alice Smith,Low,2024-11-10,Travel,1117
1,Alice Smith,Low,2024-11-10,Shopping,1140
1,Alice Smith,Low,2024-11-10,Entertainment,761
1,Alice Smith,Low,2024-11-10,Healthcare,661
1,Alice Smith,Low,2024-11-10,Electronics,680
1,Alice Smith,Low,2024-11-10,Utilities,1224
1,Alice Smith,Low,2024-11-11,Groceries,968
1,Alice Smith,Low,2024-11-11,Dining,520
1,Alice Smith,Low,2024-11-11,Travel,1798
1,Alice Smith,Low,2024-11-11,Shopping,759
1,Alice Smith,Low,2024-11-11,Entertainment,1856
1,Alice Smith,Low,2024-11-11,Healthcare,965
1,Alice Smith,Low,2024-11-11,Electronics,1639
1,Alice Smith,Low,2024-11-11,Utilities,1936
1,Alice Smith,Low,2024-11-12,Groceries,1036
1,Alice Smith,Low,2024-11-12,Dining,1451
1,Alice Smith,Low,2024-11-12,Travel,1265
1,Alice Smith,Low,2024-11-12,Shopping,1458
1,Alice Smith,Low,2024-11-12,Entertainment,1433
1,Alice Smith,Low,2024-11-12,Healthcare,1350
1,Alice Smith,Low,2024-11-12,Electronics,1780
1,Alice Smith,Low,2024-11-12,Utilities,1691
1,Alice Smith,Low,2024-11-13,Groceries,1032
1,Alice Smith,Low,2024-11-13,Dining,514
1,Alice Smith,Low,2024-11-13,Travel,549
1,Alice Smith,Low,2024-11-13,Shopping,1498
1,Alice Smith,Low,2024-11-13,Entertainment,803
1,Alice Smith,Low,2024-11-13,Healthcare,915
1,Alice Smith,Low,2024-11-13,Electronics,804
1,Alice Smith,Low,2024-11-13,Utilities,695
1,Alice Smith,Low,2024-11-14,Groceries,1312
1,Alice Smith,Low,2024-11-14,Dining,1299
1,Alice Smith,Low,2024-11-14,Travel,887
1,Alice Smith,Low,2024-11-14,Shopping,1256
1,Alice Smith,Low,2024-11-14,Entertainment,954
1,Alice Smith,Low,2024-11-14,Healthcare,1212
1,Alice Smith,Low,2024-11-14,Electronics,1204
1,Alice Smith,Low,2024-11-14,Utilities,1347
1,Alice Smith,Low,2024-11-15,Groceries,1833
1,Alice Smith,Low,2024-11-15,Dining,1650
1,Alice Smith,Low,2024-11-15,Travel,674
1,Alice Smith,Low,2024-11-15,Shopping,1657
1,Alice Smith,Low,2024-11-15,Entertainment,1589
1,Alice Smith,Low,2024-11-15,Healthcare,1916
1,Alice Smith,Low,2024-11-15,Electronics,1888
1,Alice Smith,Low,2024-11-15,Utilities,778
1,Alice Smith,Low,2024-11-16,Groceries,1257
1,Alice Smith,Low,2024-11-16,Dining,862
1,Alice Smith,Low,2024-11-16,Travel,670
1,Alice Smith,Low,2024-11-16,Shopping,1574
1,Alice Smith,Low,2024-11-16,Entertainment,1851
1,Alice Smith,Low,2024-11-16,Healthcare,1164
1,Alice Smith,Low,2024-11-16,Electronics,1091
1,Alice Smith,Low,2024-11-16,Utilities,1430
1,Alice Smith,Low,2024-11-17,Groceries,1668
1,Alice Smith,Low,2024-11-17,Dining,773
1,Alice Smith,Low,2024-11-17,Travel,1678
1,Alice Smith,Low,2024-11-17,Shopping,1007
1,Alice Smith,Low,2024-11-17,Entertainment,862
1,Alice Smith,Low,2024-11-17,Healthcare,1848
1,Alice Smith,Low,2024-11-17,Electronics,1347
1,Alice Smith,Low,2024-11-17,Utilities,1154
1,Alice Smith,Low,2024-11-18,Groceries,797
1,Alice Smith,Low,2024-11-18,Dining,993
1,Alice Smith,Low,2024-11-18,Travel,1045
1,Alice Smith,Low,2024-11-18,Shopping,803
1,Alice Smith,Low,2024-11-18,Entertainment,1990
1,Alice Smith,Low,2024-11-18,Healthcare,1403
1,Alice Smith,Low,2024-11-18,Electronics,738
1,Alice Smith,Low,2024-11-18,Utilities,1149
1,Alice Smith,Low,2024-11-19,Groceries,1383
1,Alice Smith,Low,2024-11-19,Dining,1699
1,Alice Smith,Low,2024-11-19,Travel,909
1,Alice Smith,Low,2024-11-19,Shopping,1225
1,Alice Smith,Low,2024-11-19,Entertainment,1887
1,Alice Smith,Low,2024-11-19,Healthcare,1546
1,Alice Smith,Low,2024-11-19,Electronics,817
1,Alice Smith,Low,2024-11-19,Utilities,1024
1,Alice Smith,Low,2024-11-20,Groceries,1404
1,Alice Smith,Low,2024-11-20,Dining,1799
1,Alice Smith,Low,2024-11-20,Travel,1523
1,Alice Smith,Low,2024-11-20,Shopping,1119
1,Alice Smith,Low,2024-11-20,Entertainment,1452
1,Alice Smith,Low,2024-11-20,Healthcare,1752
1,Alice Smith,Low,2024-11-20,Electronics,1631
1,Alice Smith,Low,2024-11-20,Utilities,1300
1,Alice Smith,Low,2024-11-21,Groceries,1415
1,Alice Smith,Low,2024-11-21,Dining,1699
1,Alice Smith,Low,2024-11-21,Travel,819
1,Alice Smith,Low,2024-11-21,Shopping,1809
1,Alice Smith,Low,2024-11-21,Entertainment,1375
1,Alice Smith,Low,2024-11-21,Healthcare,828
1,Alice Smith,Low,2024-11-21,Electronics,1252
1,Alice Smith,Low,2024-11-21,Utilities,1156
1,Alice Smith,Low,2024-11-22,Groceries,1879
1,Alice Smith,Low,2024-11-22,Dining,1537
1,Alice Smith,Low,2024-11-22,Travel,1798
1,Alice Smith,Low,2024-11-22,Shopping,570
1,Alice Smith,Low,2024-11-22,Entertainment,1326
1,Alice Smith,Low,2024-11-22,Healthcare,1718
1,Alice Smith,Low,2024-11-22,Electronics,1364
1,Alice Smith,Low,2024-11-22,Utilities,1427
1,Alice Smith,Low,2024-11-23,Groceries,605
1,Alice Smith,Low,2024-11-23,Dining,1269
1,Alice Smith,Low,2024-11-23,Travel,1392
1,Alice Smith,Low,2024-11-23,Shopping,695
1,Alice Smith,Low,2024-11-23,Entertainment,644
1,Alice Smith,Low,2024-11-23,Healthcare,1873
1,Alice Smith,Low,2024-11-23,Electronics,1947
1,Alice Smith,Low,2024-11-23,Utilities,970
1,Alice Smith,Low,2024-11-24,Groceries,715
1,Alice Smith,Low,2024-11-24,Dining,1616
1,Alice Smith,Low,2024-11-24,Travel,759
1,Alice Smith,Low,2024-11-24,Shopping,1433
1,Alice Smith,Low,2024-11-24,Entertainment,1074
1,Alice Smith,Low,2024-11-24,Healthcare,784
1,Alice Smith,Low,2024-11-24,Electronics,983
1,Alice Smith,Low,2024-11-24,Utilities,871
1,Alice Smith,Low,2024-11-25,Groceries,569
1,Alice Smith,Low,2024-11-25,Dining,878
1,Alice Smith,Low,2024-11-25,Travel,1802
1,Alice Smith,Low,2024-11-25,Shopping,801
1,Alice Smith,Low,2024-11-25,Entertainment,754
1,Alice Smith,Low,2024-11-25,Healthcare,1443
1,Alice Smith,Low,2024-11-25,Electronics,1191
1,Alice Smith,Low,2024-11-25,Utilities,1787
1,Alice Smith,Low,2024-11-26,Groceries,1333
1,Alice Smith,Low,2024-11-26,Dining,1216
1,Alice Smith,Low,2024-11-26,Travel,923
1,Alice Smith,Low,2024-11-26,Shopping,712
1,Alice Smith,Low,2024-11-26,Entertainment,599
1,Alice Smith,Low,2024-11-26,Healthcare,1635
1,Alice Smith,Low,2024-11-26,Electronics,807
1,Alice Smith,Low,2024-11-26,Utilities,1177
1,Alice Smith,Low,2024-11-27,Groceries,974
1,Alice Smith,Low,2024-11-27,Dining,611
1,Alice Smith,Low,2024-11-27,Travel,1610
1,Alice Smith,Low,2024-11-27,Shopping,682
1,Alice Smith,Low,2024-11-27,Entertainment,1096
1,Alice Smith,Low,2024-11-27,Healthcare,664
1,Alice Smith,Low,2024-11-27,Electronics,1314
1,Alice Smith,Low,2024-11-27,Utilities,589
1,Alice Smith,Low,2024-11-28,Groceries,954
1,Alice Smith,Low,2024-11-28,Dining,737
1,Alice Smith,Low,2024-11-28,Travel,1033
1,Alice Smith,Low,2024-11-28,Shopping,1226
1,Alice Smith,Low,2024-11-28,Entertainment,557
1,Alice Smith,Low,2024-11-28,Healthcare,1041
1,Alice Smith,Low,2024-11-28,Electronics,1521
1,Alice Smith,Low,2024-11-28,Utilities,1117
1,Alice Smith,Low,2024-11-29,Groceries,901
1,Alice Smith,Low,2024-11-29,Dining,1505
1,Alice Smith,Low,2024-11-29,Travel,1341
1,Alice Smith,Low,2024-11-29,Shopping,1338
1,Alice Smith,Low,2024-11-29,Entertainment,1018
1,Alice Smith,Low,2024-11-29,Healthcare,696
1,Alice Smith,Low,2024-11-29,Electronics,545
1,Alice Smith,Low,2024-11-29,Utilities,1029
1,Alice Smith,Low,2024-11-30,Groceries,1920
1,Alice Smith,Low,2024-11-30,Dining,1499
1,Alice Smith,Low,2024-11-30,Travel,1275
1,Alice Smith,Low,2024-11-30,Shopping,573
1,Alice Smith,Low,2024-11-30,Entertainment,1939
1,Alice Smith,Low,2024-11-30,Healthcare,834
1,Alice Smith,Low,2024-11-30,Electronics,1132
1,Alice Smith,Low,2024-11-30,Utilities,1187
1,Alice Smith,Low,2024-12-01,Groceries,1074
1,Alice Smith,Low,2024-12-01,Dining,795
1,Alice Smith,Low,2024-12-01,Travel,1607
1,Alice Smith,Low,2024-12-01,Shopping,1538
1,Alice Smith,Low,2024-12-01,Entertainment,1657
1,Alice Smith,Low,2024-12-01,Healthcare,977
1,Alice Smith,Low,2024-12-01,Electronics,1132
1,Alice Smith,Low,2024-12-01,Utilities,818
1,Alice Smith,Low,2024-12-02,Groceries,1915
1,Alice Smith,Low,2024-12-02,Dining,978
1,Alice Smith,Low,2024-12-02,Travel,867
1,Alice Smith,Low,2024-12-02,Shopping,866
1,Alice Smith,Low,2024-12-02,Entertainment,1811
1,Alice Smith,Low,2024-12-02,Healthcare,877
1,Alice Smith,Low,2024-12-02,Electronics,962
1,Alice Smith,Low,2024-12-02,Utilities,512
1,Alice Smith,Low,2024-12-03,Groceries,1035
1,Alice Smith,Low,2024-12-03,Dining,1691
1,Alice Smith,Low,2024-12-03,Travel,769
1,Alice Smith,Low,2024-12-03,Shopping,1593
1,Alice Smith,Low,2024-12-03,Entertainment,1841
1,Alice Smith,Low,2024-12-03,Healthcare,875
1,Alice Smith,Low,2024-12-03,Electronics,1612
1,Alice Smith,Low,2024-12-03,Utilities,756
1,Alice Smith,Low,2024-12-04,Groceries,716
1,Alice Smith,Low,2024-12-04,Dining,949
1,Alice Smith,Low,2024-12-04,Travel,1393
1,Alice Smith,Low,2024-12-04,Shopping,1664
1,Alice Smith,Low,2024-12-04,Entertainment,1684
1,Alice Smith,Low,2024-12-04,Healthcare,531
1,Alice Smith,Low,2024-12-04,Electronics,1675
1,Alice Smith,Low,2024-12-04,Utilities,1783
1,Alice Smith,Low,2024-12-05,Groceries,1802
1,Alice Smith,Low,2024-12-05,Dining,1808
1,Alice Smith,Low,2024-12-05,Travel,1109
1,Alice Smith,Low,2024-12-05,Shopping,1416
1,Alice Smith,Low,2024-12-05,Entertainment,1041
1,Alice Smith,Low,2024-12-05,Healthcare,647
1,Alice Smith,Low,2024-12-05,Electronics,1155
1,Alice Smith,Low,2024-12-05,Utilities,566
1,Alice Smith,Low,2024-12-06,Groceries,1069
1,Alice Smith,Low,2024-12-06,Dining,1802
1,Alice Smith,Low,2024-12-06,Travel,1247
1,Alice Smith,Low,2024-12-06,Shopping,942
1,Alice Smith,Low,2024-12-06,Entertainment,1396
1,Alice Smith,Low,2024-12-06,Healthcare,898
1,Alice Smith,Low,2024-12-06,Electronics,1651
1,Alice Smith,Low,2024-12-06,Utilities,1860
1,Alice Smith,Low,2024-12-07,Groceries,981
1,Alice Smith,Low,2024-12-07,Dining,1447
1,Alice Smith,Low,2024-12-07,Travel,685
1,Alice Smith,Low,2024-12-07,Shopping,668
1,Alice Smith,Low,2024-12-07,Entertainment,1783
1,Alice Smith,Low,2024-12-07,Healthcare,1006
1,Alice Smith,Low,2024-12-07,Electronics,1020
1,Alice Smith,Low,2024-12-07,Utilities,1994
1,Alice Smith,Low,2024-12-08,Groceries,660
1,Alice Smith,Low,2024-12-08,Dining,1812
1,Alice Smith,Low,2024-12-08,Travel,839
1,Alice Smith,Low,2024-12-08,Shopping,1629
1,Alice Smith,Low,2024-12-08,Entertainment,1998
1,Alice Smith,Low,2024-12-08,Healthcare,1986
1,Alice Smith,Low,2024-12-08,Electronics,1203
1,Alice Smith,Low,2024-12-08,Utilities,1676
1,Alice Smith,Low,2024-12-09,Groceries,1322
1,Alice Smith,Low,2024-12-09,Dining,1284
1,Alice Smith,Low,2024-12-09,Travel,1672
1,Alice Smith,Low,2024-12-09,Shopping,1711
1,Alice Smith,Low,2024-12-09,Entertainment,630
1,Alice Smith,Low,2024-12-09,Healthcare,1975
1,Alice Smith,Low,2024-12-09,Electronics,1015
1,Alice Smith,Low,2024-12-09,Utilities,1999
1,Alice Smith,Low,2024-12-10,Groceries,1786
1,Alice Smith,Low,2024-12-10,Dining,1982
1,Alice Smith,Low,2024-12-10,Travel,1035
1,Alice Smith,Low,2024-12-10,Shopping,1240
1,Alice Smith,Low,2024-12-10,Entertainment,1280
1,Alice Smith,Low,2024-12-10,Healthcare,1818
1,Alice Smith,Low,2024-12-10,Electronics,1958
1,Alice Smith,Low,2024-12-10,Utilities,1798
1,Alice Smith,Low,2024-12-11,Groceries,1087
1,Alice Smith,Low,2024-12-11,Dining,1831
1,Alice Smith,Low,2024-12-11,Travel,1225
1,Alice Smith,Low,2024-12-11,Shopping,1442
1,Alice Smith,Low,2024-12-11,Entertainment,1496
1,Alice Smith,Low,2024-12-11,Healthcare,875
1,Alice Smith,Low,2024-12-11,Electronics,1681
1,Alice Smith,Low,2024-12-11,Utilities,703
1,Alice Smith,Low,2024-12-12,Groceries,1488
1,Alice Smith,Low,2024-12-12,Dining,1160
1,Alice Smith,Low,2024-12-12,Travel,574
1,Alice Smith,Low,2024-12-12,Shopping,1903
1,Alice Smith,Low,2024-12-12,Entertainment,1240
1,Alice Smith,Low,2024-12-12,Healthcare,803
1,Alice Smith,Low,2024-12-12,Electronics,1585
1,Alice Smith,Low,2024-12-12,Utilities,1069
1,Alice Smith,Low,2024-12-13,Groceries,1285
1,Alice Smith,Low,2024-12-13,Dining,1631
1,Alice Smith,Low,2024-12-13,Travel,1710
1,Alice Smith,Low,2024-12-13,Shopping,1486
1,Alice Smith,Low,2024-12-13,Entertainment,728
1,Alice Smith,Low,2024-12-13,Healthcare,1571
1,Alice Smith,Low,2024-12-13,Electronics,767
1,Alice Smith,Low,2024-12-13,Utilities,1226
1,Alice Smith,Low,2024-12-14,Groceries,1301
1,Alice Smith,Low,2024-12-14,Dining,753
1,Alice Smith,Low,2024-12-14,Travel,1456
1,Alice Smith,Low,2024-12-14,Shopping,1369
1,Alice Smith,Low,2024-12-14,Entertainment,586
1,Alice Smith,Low,2024-12-14,Healthcare,1704
1,Alice Smith,Low,2024-12-14,Electronics,1548
1,Alice Smith,Low,2024-12-14,Utilities,1911
1,Alice Smith,Low,2024-12-15,Groceries,721
1,Alice Smith,Low,2024-12-15,Dining,1489
1,Alice Smith,Low,2024-12-15,Travel,896
1,Alice Smith,Low,2024-12-15,Shopping,1437
1,Alice Smith,Low,2024-12-15,Entertainment,1010
1,Alice Smith,Low,2024-12-15,Healthcare,1060
1,Alice Smith,Low,2024-12-15,Electronics,1345
1,Alice Smith,Low,2024-12-15,Utilities,939
1,Alice Smith,Low,2024-12-16,Groceries,1698
1,Alice Smith,Low,2024-12-16,Dining,810
1,Alice Smith,Low,2024-12-16,Travel,1797
1,Alice Smith,Low,2024-12-16,Shopping,534
1,Alice Smith,Low,2024-12-16,Entertainment,716
1,Alice Smith,Low,2024-12-16,Healthcare,1220
1,Alice Smith,Low,2024-12-16,Electronics,1515
1,Alice Smith,Low,2024-12-16,Utilities,1931
1,Alice Smith,Low,2024-12-17,Groceries,1018
1,Alice Smith,Low,2024-12-17,Dining,768
1,Alice Smith,Low,2024-12-17,Travel,1137
1,Alice Smith,Low,2024-12-17,Shopping,974
1,Alice Smith,Low,2024-12-17,Entertainment,1848
1,Alice Smith,Low,2024-12-17,Healthcare,1879
1,Alice Smith,Low,2024-12-17,Electronics,589
1,Alice Smith,Low,2024-12-17,Utilities,1565
1,Alice Smith,Low,2024-12-18,Groceries,1888
1,Alice Smith,Low,2024-12-18,Dining,1725
1,Alice Smith,Low,2024-12-18,Travel,1889
1,Alice Smith,Low,2024-12-18,Shopping,1481
1,Alice Smith,Low,2024-12-18,Entertainment,787
1,Alice Smith,Low,2024-12-18,Healthcare,980
1,Alice Smith,Low,2024-12-18,Electronics,1136
1,Alice Smith,Low,2024-12-18,Utilities,1000
1,Alice Smith,Low,2024-12-19,Groceries,551
1,Alice Smith,Low,2024-12-19,Dining,602
1,Alice Smith,Low,2024-12-19,Travel,1884
1,Alice Smith,Low,2024-12-19,Shopping,1947
1,Alice Smith,Low,2024-12-19,Entertainment,1198
1,Alice Smith,Low,2024-12-19,Healthcare,1728
1,Alice Smith,Low,2024-12-19,Electronics,1537
1,Alice Smith,Low,2024-12-19,Utilities,969
1,Alice Smith,Low,2024-12-20,Groceries,1989
1,Alice Smith,Low,2024-12-20,Dining,1827
1,Alice Smith,Low,2024-12-20,Travel,926
1,Alice Smith,Low,2024-12-20,Shopping,609
1,Alice Smith,Low,2024-12-20,Entertainment,1014
1,Alice Smith,Low,2024-12-20,Healthcare,567
1,Alice Smith,Low,2024-12-20,Electronics,1769
1,Alice Smith,Low,2024-12-20,Utilities,888
1,Alice Smith,Low,2024-12-21,Groceries,807
1,Alice Smith,Low,2024-12-21,Dining,1875
1,Alice Smith,Low,2024-12-21,Travel,1589
1,Alice Smith,Low,2024-12-21,Shopping,959
1,Alice Smith,Low,2024-12-21,Entertainment,846
1,Alice Smith,Low,2024-12-21,Healthcare,824
1,Alice Smith,Low,2024-12-21,Electronics,1166
1,Alice Smith,Low,2024-12-21,Utilities,1556
1,Alice Smith,Low,2024-12-22,Groceries,567
1,Alice Smith,Low,2024-12-22,Dining,686
1,Alice Smith,Low,2024-12-22,Travel,691
1,Alice Smith,Low,2024-12-22,Shopping,1736
1,Alice Smith,Low,2024-12-22,Entertainment,927
1,Alice Smith,Low,2024-12-22,Healthcare,1874
1,Alice Smith,Low,2024-12-22,Electronics,1631
1,Alice Smith,Low,2024-12-22,Utilities,1763
1,Alice Smith,Low,2024-12-23,Groceries,715
1,Alice Smith,Low,2024-12-23,Dining,676
1,Alice Smith,Low,2024-12-23,Travel,1853
1,Alice Smith,Low,2024-12-23,Shopping,1060
1,Alice Smith,Low,2024-12-23,Entertainment,1380
1,Alice Smith,Low,2024-12-23,Healthcare,1125
1,Alice Smith,Low,2024-12-23,Electronics,1973
1,Alice Smith,Low,2024-12-23,Utilities,1106
1,Alice Smith,Low,2024-12-24,Groceries,1970
1,Alice Smith,Low,2024-12-24,Dining,678
1,Alice Smith,Low,2024-12-24,Travel,894
1,Alice Smith,Low,2024-12-24,Shopping,1668
1,Alice Smith,Low,2024-12-24,Entertainment,1375
1,Alice Smith,Low,2024-12-24,Healthcare,1461
1,Alice Smith,Low,2024-12-24,Electronics,697
1,Alice Smith,Low,2024-12-24,Utilities,1468
1,Alice Smith,Low,2024-12-25,Groceries,1607
1,Alice Smith,Low,2024-12-25,Dining,1168
1,Alice Smith,Low,2024-12-25,Travel,1608
1,Alice Smith,Low,2024-12-25,Shopping,956
1,Alice Smith,Low,2024-12-25,Entertainment,1999
1,Alice Smith,Low,2024-12-25,Healthcare,1776
1,Alice Smith,Low,2024-12-25,Electronics,571
1,Alice Smith,Low,2024-12-25,Utilities,722
1,Alice Smith,Low,2024-12-26,Groceries,775
1,Alice Smith,Low,2024-12-26,Dining,1769
1,Alice Smith,Low,2024-12-26,Travel,1864
1,Alice Smith,Low,2024-12-26,Shopping,1072
1,Alice Smith,Low,2024-12-26,Entertainment,1423
1,Alice Smith,Low,2024-12-26,Healthcare,970
1,Alice Smith,Low,2024-12-26,Electronics,953
1,Alice Smith,Low,2024-12-26,Utilities,1468
1,Alice Smith,Low,2024-12-27,Groceries,506
1,Alice Smith,Low,2024-12-27,Dining,687
1,Alice Smith,Low,2024-12-27,Travel,503
1,Alice Smith,Low,2024-12-27,Shopping,1406
1,Alice Smith,Low,2024-12-27,Entertainment,1648
1,Alice Smith,Low,2024-12-27,Healthcare,1538
1,Alice Smith,Low,2024-12-27,Electronics,1459
1,Alice Smith,Low,2024-12-27,Utilities,1024
1,Alice Smith,Low,2024-12-28,Groceries,1129
1,Alice Smith,Low,2024-12-28,Dining,1763
1,Alice Smith,Low,2024-12-28,Travel,1274
1,Alice Smith,Low,2024-12-28,Shopping,859
1,Alice Smith,Low,2024-12-28,Entertainment,1017
1,Alice Smith,Low,2024-12-28,Healthcare,1843
1,Alice Smith,Low,2024-12-28,Electronics,1754
1,Alice Smith,Low,2024-12-28,Utilities,1553
1,Alice Smith,Low,2024-12-29,Groceries,1420
1,Alice Smith,Low,2024-12-29,Dining,1679
1,Alice Smith,Low,2024-12-29,Travel,1351
1,Alice Smith,Low,2024-12-29,Shopping,1434
1,Alice Smith,Low,2024-12-29,Entertainment,1400
1,Alice Smith,Low,2024-12-29,Healthcare,898
1,Alice Smith,Low,2024-12-29,Electronics,1869
1,Alice Smith,Low,2024-12-29,Utilities,1718
1,Alice Smith,Low,2024-12-30,Groceries,667
1,Alice Smith,Low,2024-12-30,Dining,876
1,Alice Smith,Low,2024-12-30,Travel,1885
1,Alice Smith,Low,2024-12-30,Shopping,1767
1,Alice Smith,Low,2024-12-30,Entertainment,1106
1,Alice Smith,Low,2024-12-30,Healthcare,1510
1,Alice Smith,Low,2024-12-30,Electronics,1088
1,Alice Smith,Low,2024-12-30,Utilities,1694
2,David Brown,High,2024-01-01,Groceries,10477
2,David Brown,High,2024-01-01,Dining,14741
2,David Brown,High,2024-01-01,Travel,16422
2,David Brown,High,2024-01-01,Shopping,16369
2,David Brown,High,2024-01-01,Entertainment,10857
2,David Brown,High,2024-01-01,Healthcare,17287
2,David Brown,High,2024-01-01,Electronics,16864
2,David Brown,High,2024-01-01,Utilities,17120
2,David Brown,High,2024-01-02,Groceries,10839
2,David Brown,High,2024-01-02,Dining,18370
2,David Brown,High,2024-01-02,Travel,11268
2,David Brown,High,2024-01-02,Shopping,9553
2,David Brown,High,2024-01-02,Entertainment,17637
2,David Brown,High,2024-01-02,Healthcare,11389
2,David Brown,High,2024-01-02,Electronics,7551
2,David Brown,High,2024-01-02,Utilities,12566
2,David Brown,High,2024-01-03,Groceries,18089
2,David Brown,High,2024-01-03,Dining,16231
2,David Brown,High,2024-01-03,Travel,12758
2,David Brown,High,2024-01-03,Shopping,16076
2,David Brown,High,2024-01-03,Entertainment,10051
2,David Brown,High,2024-01-03,Healthcare,12322
2,David Brown,High,2024-01-03,Electronics,19421
2,David Brown,High,2024-01-03,Utilities,18789
2,David Brown,High,2024-01-04,Groceries,9555
2,David Brown,High,2024-01-04,Dining,8089
2,David Brown,High,2024-01-04,Travel,19767
2,David Brown,High,2024-01-04,Shopping,7458
2,David Brown,High,2024-01-04,Entertainment,11721
2,David Brown,High,2024-01-04,Healthcare,19446
2,David Brown,High,2024-01-04,Electronics,13304
2,David Brown,High,2024-01-04,Utilities,17199
2,David Brown,High,2024-01-05,Groceries,8920
2,David Brown,High,2024-01-05,Dining,14694
2,David Brown,High,2024-01-05,Travel,12668
2,David Brown,High,2024-01-05,Shopping,13298
2,David Brown,High,2024-01-05,Entertainment,13629
2,David Brown,High,2024-01-05,Healthcare,19719
2,David Brown,High,2024-01-05,Electronics,12146
2,David Brown,High,2024-01-05,Utilities,8003
2,David Brown,High,2024-01-06,Groceries,10083
2,David Brown,High,2024-01-06,Dining,17306
2,David Brown,High,2024-01-06,Travel,9589
2,David Brown,High,2024-01-06,Shopping,17335
2,David Brown,High,2024-01-06,Entertainment,11310
2,David Brown,High,2024-01-06,Healthcare,9241
2,David Brown,High,2024-01-06,Electronics,12766
2,David Brown,High,2024-01-06,Utilities,14711
2,David Brown,High,2024-01-07,Groceries,11980
2,David Brown,High,2024-01-07,Dining,17278
2,David Brown,High,2024-01-07,Travel,7938
2,David Brown,High,2024-01-07,Shopping,11301
2,David Brown,High,2024-01-07,Entertainment,10970
2,David Brown,High,2024-01-07,Healthcare,10999
2,David Brown,High,2024-01-07,Electronics,11650
2,David Brown,High,2024-01-07,Utilities,13627
2,David Brown,High,2024-01-08,Groceries,10408
2,David Brown,High,2024-01-08,Dining,15962
2,David Brown,High,2024-01-08,Travel,7248
2,David Brown,High,2024-01-08,Shopping,15564
2,David Brown,High,2024-01-08,Entertainment,12950
2,David Brown,High,2024-01-08,Healthcare,9926
2,David Brown,High,2024-01-08,Electronics,14975
2,David Brown,High,2024-01-08,Utilities,10857
2,David Brown,High,2024-01-09,Groceries,11930
2,David Brown,High,2024-01-09,Dining,14014
2,David Brown,High,2024-01-09,Travel,15893
2,David Brown,High,2024-01-09,Shopping,17377
2,David Brown,High,2024-01-09,Entertainment,13966
2,David Brown,High,2024-01-09,Healthcare,16133
2,David Brown,High,2024-01-09,Electronics,19106
2,David Brown,High,2024-01-09,Utilities,13587
2,David Brown,High,2024-01-10,Groceries,13496
2,David Brown,High,2024-01-10,Dining,12091
2,David Brown,High,2024-01-10,Travel,15985
2,David Brown,High,2024-01-10,Shopping,7677
2,David Brown,High,2024-01-10,Entertainment,12909
2,David Brown,High,2024-01-10,Healthcare,8561
2,David Brown,High,2024-01-10,Electronics,11053
2,David Brown,High,2024-01-10,Utilities,15644
2,David Brown,High,2024-01-11,Groceries,17658
2,David Brown,High,2024-01-11,Dining,10656
2,David Brown,High,2024-01-11,Travel,12234
2,David Brown,High,2024-01-11,Shopping,11146
2,David Brown,High,2024-01-11,Entertainment,12488
2,David Brown,High,2024-01-11,Healthcare,15081
2,David Brown,High,2024-01-11,Electronics,18946
2,David Brown,High,2024-01-11,Utilities,7209
2,David Brown,High,2024-01-12,Groceries,11983
2,David Brown,High,2024-01-12,Dining,14141
2,David Brown,High,2024-01-12,Travel,17118
2,David Brown,High,2024-01-12,Shopping,11945
2,David Brown,High,2024-01-12,Entertainment,14980
2,David Brown,High,2024-01-12,Healthcare,10966
2,David Brown,High,2024-01-12,Electronics,17069
2,David Brown,High,2024-01-12,Utilities,15818
2,David Brown,High,2024-01-13,Groceries,17918
2,David Brown,High,2024-01-13,Dining,16650
2,David Brown,High,2024-01-13,Travel,9824
2,David Brown,High,2024-01-13,Shopping,8250
2,David Brown,High,2024-01-13,Entertainment,11758
2,David Brown,High,2024-01-13,Healthcare,11363
2,David Brown,High,2024-01-13,Electronics,9163
2,David Brown,High,2024-01-13,Utilities,16815
2,David Brown,High,2024-01-14,Groceries,8853
2,David Brown,High,2024-01-14,Dining,7753
2,David Brown,High,2024-01-14,Travel,12448
2,David Brown,High,2024-01-14,Shopping,8868
2,David Brown,High,2024-01-14,Entertainment,7181
2,David Brown,High,2024-01-14,Healthcare,8513
2,David Brown,High,2024-01-14,Electronics,16094
2,David Brown,High,2024-01-14,Utilities,10344
2,David Brown,High,2024-01-15,Groceries,12238
2,David Brown,High,2024-01-15,Dining,18645
2,David Brown,High,2024-01-15,Travel,14089
2,David Brown,High,2024-01-15,Shopping,18799
2,David Brown,High,2024-01-15,Entertainment,13401
2,David Brown,High,2024-01-15,Healthcare,9556
2,David Brown,High,2024-01-15,Electronics,17331
2,David Brown,High,2024-01-15,Utilities,13098
2,David Brown,High,2024-01-16,Groceries,12280
2,David Brown,High,2024-01-16,Dining,11244
2,David Brown,High,2024-01-16,Travel,9164
2,David Brown,High,2024-01-16,Shopping,13601
2,David Brown,High,2024-01-16,Entertainment,17804
2,David Brown,High,2024-01-16,Healthcare,9021
2,David Brown,High,2024-01-16,Electronics,9821
2,David Brown,High,2024-01-16,Utilities,12938
2,David Brown,High,2024-01-17,Groceries,13132
2,David Brown,High,2024-01-17,Dining,17473
2,David Brown,High,2024-01-17,Travel,16762
2,David Brown,High,2024-01-17,Shopping,12969
2,David Brown,High,2024-01-17,Entertainment,17164
2,David Brown,High,2024-01-17,Healthcare,19178
2,David Brown,High,2024-01-17,Electronics,17436
2,David Brown,High,2024-01-17,Utilities,13168
2,David Brown,High,2024-01-18,Groceries,17634
2,David Brown,High,2024-01-18,Dining,7713
2,David Brown,High,2024-01-18,Travel,14203
2,David Brown,High,2024-01-18,Shopping,10545
2,David Brown,High,2024-01-18,Entertainment,15414
2,David Brown,High,2024-01-18,Healthcare,7863
2,David Brown,High,2024-01-18,Electronics,11625
2,David Brown,High,2024-01-18,Utilities,12307
2,David Brown,High,2024-01-19,Groceries,8425
2,David Brown,High,2024-01-19,Dining,9304
2,David Brown,High,2024-01-19,Travel,7653
2,David Brown,High,2024-01-19,Shopping,16351
2,David Brown,High,2024-01-19,Entertainment,15129
2,David Brown,High,2024-01-19,Healthcare,17034
2,David Brown,High,2024-01-19,Electronics,13734
2,David Brown,High,2024-01-19,Utilities,7443
2,David Brown,High,2024-01-20,Groceries,17657
2,David Brown,High,2024-01-20,Dining,14459
2,David Brown,High,2024-01-20,Travel,11669
2,David Brown,High,2024-01-20,Shopping,12106
2,David Brown,High,2024-01-20,Entertainment,11436
2,David Brown,High,2024-01-20,Healthcare,9857
2,David Brown,High,2024-01-20,Electronics,16472
2,David Brown,High,2024-01-20,Utilities,10039
2,David Brown,High,2024-01-21,Groceries,18987
2,David Brown,High,2024-01-21,Dining,18829
2,David Brown,High,2024-01-21,Travel,18950
2,David Brown,High,2024-01-21,Shopping,15291
2,David Brown,High,2024-01-21,Entertainment,17278
2,David Brown,High,2024-01-21,Healthcare,17502
2,David Brown,High,2024-01-21,Electronics,19437
2,David Brown,High,2024-01-21,Utilities,9737
2,David Brown,High,2024-01-22,Groceries,13956
2,David Brown,High,2024-01-22,Dining,12239
2,David Brown,High,2024-01-22,Travel,8607
2,David Brown,High,2024-01-22,Shopping,9953
2,David Brown,High,2024-01-22,Entertainment,19173
2,David Brown,High,2024-01-22,Healthcare,12933
2,David Brown,High,2024-01-22,Electronics,18386
2,David Brown,High,2024-01-22,Utilities,19531
2,David Brown,High,2024-01-23,Groceries,11682
2,David Brown,High,2024-01-23,Dining,18284
2,David Brown,High,2024-01-23,Travel,13333
2,David Brown,High,2024-01-23,Shopping,14392
2,David Brown,High,2024-01-23,Entertainment,18154
2,David Brown,High,2024-01-23,Healthcare,17854
2,David Brown,High,2024-01-23,Electronics,16047
2,David Brown,High,2024-01-23,Utilities,13609
2,David Brown,High,2024-01-24,Groceries,17338
2,David Brown,High,2024-01-24,Dining,11925
2,David Brown,High,2024-01-24,Travel,16578
2,David Brown,High,2024-01-24,Shopping,14250
2,David Brown,High,2024-01-24,Entertainment,16908
2,David Brown,High,2024-01-24,Healthcare,12783
2,David Brown,High,2024-01-24,Electronics,19343
2,David Brown,High,2024-01-24,Utilities,16917
2,David Brown,High,2024-01-25,Groceries,17145
2,David Brown,High,2024-01-25,Dining,13723
2,David Brown,High,2024-01-25,Travel,7184
2,David Brown,High,2024-01-25,Shopping,7521
2,David Brown,High,2024-01-25,Entertainment,17503
2,David Brown,High,2024-01-25,Healthcare,8248
2,David Brown,High,2024-01-25,Electronics,16850
2,David Brown,High,2024-01-25,Utilities,8002
2,David Brown,High,2024-01-26,Groceries,13266
2,David Brown,High,2024-01-26,Dining,18419
2,David Brown,High,2024-01-26,Travel,13444
2,David Brown,High,2024-01-26,Shopping,18330
2,David Brown,High,2024-01-26,Entertainment,17120
2,David Brown,High,2024-01-26,Healthcare,14017
2,David Brown,High,2024-01-26,Electronics,15585
2,David Brown,High,2024-01-26,Utilities,8617
2,David Brown,High,2024-01-27,Groceries,18833
2,David Brown,High,2024-01-27,Dining,7660
2,David Brown,High,2024-01-27,Travel,12524
2,David Brown,High,2024-01-27,Shopping,14616
2,David Brown,High,2024-01-27,Entertainment,12250
2,David Brown,High,2024-01-27,Healthcare,19356
2,David Brown,High,2024-01-27,Electronics,14512
2,David Brown,High,2024-01-27,Utilities,13905
2,David Brown,High,2024-01-28,Groceries,7319
2,David Brown,High,2024-01-28,Dining,17416
2,David Brown,High,2024-01-28,Travel,15775
2,David Brown,High,2024-01-28,Shopping,10600
2,David Brown,High,2024-01-28,Entertainment,12960
2,David Brown,High,2024-01-28,Healthcare,12279
2,David Brown,High,2024-01-28,Electronics,15773
2,David Brown,High,2024-01-28,Utilities,18888
2,David Brown,High,2024-01-29,Groceries,8767
2,David Brown,High,2024-01-29,Dining,16748
2,David Brown,High,2024-01-29,Travel,8798
2,David Brown,High,2024-01-29,Shopping,19398
2,David Brown,High,2024-01-29,Entertainment,16190
2,David Brown,High,2024-01-29,Healthcare,15949
2,David Brown,High,2024-01-29,Electronics,7282
2,David Brown,High,2024-01-29,Utilities,13337
2,David Brown,High,2024-01-30,Groceries,12166
2,David Brown,High,2024-01-30,Dining,14121
2,David Brown,High,2024-01-30,Travel,14409
2,David Brown,High,2024-01-30,Shopping,12489
2,David Brown,High,2024-01-30,Entertainment,11896
2,David Brown,High,2024-01-30,Healthcare,7130
2,David Brown,High,2024-01-30,Electronics,8293
2,David Brown,High,2024-01-30,Utilities,13059
2,David Brown,High,2024-01-31,Groceries,13957
2,David Brown,High,2024-01-31,Dining,7060
2,David Brown,High,2024-01-31,Travel,9211
2,David Brown,High,2024-01-31,Shopping,16740
2,David Brown,High,2024-01-31,Entertainment,19559
2,David Brown,High,2024-01-31,Healthcare,16973
2,David Brown,High,2024-01-31,Electronics,13276
2,David Brown,High,2024-01-31,Utilities,12363
2,David Brown,High,2024-02-01,Groceries,15152
2,David Brown,High,2024-02-01,Dining,14973
2,David Brown,High,2024-02-01,Travel,7037
2,David Brown,High,2024-02-01,Shopping,12990
2,David Brown,High,2024-02-01,Entertainment,12438
2,David Brown,High,2024-02-01,Healthcare,14677
2,David Brown,High,2024-02-01,Electronics,18823
2,David Brown,High,2024-02-01,Utilities,17856
2,David Brown,High,2024-02-02,Groceries,7473
2,David Brown,High,2024-02-02,Dining,7058
2,David Brown,High,2024-02-02,Travel,9636
2,David Brown,High,2024-02-02,Shopping,9614
2,David Brown,High,2024-02-02,Entertainment,17806
2,David Brown,High,2024-02-02,Healthcare,14296
2,David Brown,High,2024-02-02,Electronics,11999
2,David Brown,High,2024-02-02,Utilities,19670
2,David Brown,High,2024-02-03,Groceries,16603
2,David Brown,High,2024-02-03,Dining,15276
2,David Brown,High,2024-02-03,Travel,16725
2,David Brown,High,2024-02-03,Shopping,10797
2,David Brown,High,2024-02-03,Entertainment,9674
2,David Brown,High,2024-02-03,Healthcare,18065
2,David Brown,High,2024-02-03,Electronics,13436
2,David Brown,High,2024-02-03,Utilities,10120
2,David Brown,High,2024-02-04,Groceries,16282
2,David Brown,High,2024-02-04,Dining,18026
2,David Brown,High,2024-02-04,Travel,19416
2,David Brown,High,2024-02-04,Shopping,9076
2,David Brown,High,2024-02-04,Entertainment,10190
2,David Brown,High,2024-02-04,Healthcare,11787
2,David Brown,High,2024-02-04,Electronics,13056
2,David Brown,High,2024-02-04,Utilities,19420
2,David Brown,High,2024-02-05,Groceries,14494
2,David Brown,High,2024-02-05,Dining,16400
2,David Brown,High,2024-02-05,Travel,10577
2,David Brown,High,2024-02-05,Shopping,11741
2,David Brown,High,2024-02-05,Entertainment,13832
2,David Brown,High,2024-02-05,Healthcare,9581
2,David Brown,High,2024-02-05,Electronics,10787
2,David Brown,High,2024-02-05,Utilities,15707
2,David Brown,High,2024-02-06,Groceries,14103
2,David Brown,High,2024-02-06,Dining,17404
2,David Brown,High,2024-02-06,Travel,18166
2,David Brown,High,2024-02-06,Shopping,7932
2,David Brown,High,2024-02-06,Entertainment,8663
2,David Brown,High,2024-02-06,Healthcare,15748
2,David Brown,High,2024-02-06,Electronics,14914
2,David Brown,High,2024-02-06,Utilities,16863
2,David Brown,High,2024-02-07,Groceries,16184
2,David Brown,High,2024-02-07,Dining,16820
2,David Brown,High,2024-02-07,Travel,16883
2,David Brown,High,2024-02-07,Shopping,11852
2,David Brown,High,2024-02-07,Entertainment,8104
2,David Brown,High,2024-02-07,Healthcare,8270
2,David Brown,High,2024-02-07,Electronics,18094
2,David Brown,High,2024-02-07,Utilities,19936
2,David Brown,High,2024-02-08,Groceries,16601
2,David Brown,High,2024-02-08,Dining,10646
2,David Brown,High,2024-02-08,Travel,12087
2,David Brown,High,2024-02-08,Shopping,16522
2,David Brown,High,2024-02-08,Entertainment,11723
2,David Brown,High,2024-02-08,Healthcare,9054
2,David Brown,High,2024-02-08,Electronics,16145
2,David Brown,High,2024-02-08,Utilities,13658
2,David Brown,High,2024-02-09,Groceries,8842
2,David Brown,High,2024-02-09,Dining,9802
2,David Brown,High,2024-02-09,Travel,14735
2,David Brown,High,2024-02-09,Shopping,15201
2,David Brown,High,2024-02-09,Entertainment,17801
2,David Brown,High,2024-02-09,Healthcare,15313
2,David Brown,High,2024-02-09,Electronics,19974
2,David Brown,High,2024-02-09,Utilities,13105
2,David Brown,High,2024-02-10,Groceries,9560
2,David Brown,High,2024-02-10,Dining,10037
2,David Brown,High,2024-02-10,Travel,15632
2,David Brown,High,2024-02-10,Shopping,9749
2,David Brown,High,2024-02-10,Entertainment,7590
2,David Brown,High,2024-02-10,Healthcare,8368
2,David Brown,High,2024-02-10,Electronics,17181
2,David Brown,High,2024-02-10,Utilities,8361
2,David Brown,High,2024-02-11,Groceries,15128
2,David Brown,High,2024-02-11,Dining,10773
2,David Brown,High,2024-02-11,Travel,9064
2,David Brown,High,2024-02-11,Shopping,9415
2,David Brown,High,2024-02-11,Entertainment,9951
2,David Brown,High,2024-02-11,Healthcare,12616
2,David Brown,High,2024-02-11,Electronics,14975
2,David Brown,High,2024-02-11,Utilities,17960
2,David Brown,High,2024-02-12,Groceries,18608
2,David Brown,High,2024-02-12,Dining,14101
2,David Brown,High,2024-02-12,Travel,16768
2,David Brown,High,2024-02-12,Shopping,12003
2,David Brown,High,2024-02-12,Entertainment,15306
2,David Brown,High,2024-02-12,Healthcare,13243
2,David Brown,High,2024-02-12,Electronics,13581
2,David Brown,High,2024-02-12,Utilities,16560
2,David Brown,High,2024-02-13,Groceries,15330
2,David Brown,High,2024-02-13,Dining,11923
2,David Brown,High,2024-02-13,Travel,13467
2,David Brown,High,2024-02-13,Shopping,11941
2,David Brown,High,2024-02-13,Entertainment,18565
2,David Brown,High,2024-02-13,Healthcare,13437
2,David Brown,High,2024-02-13,Electronics,13076
2,David Brown,High,2024-02-13,Utilities,12648
2,David Brown,High,2024-02-14,Groceries,15001
2,David Brown,High,2024-02-14,Dining,8315
2,David Brown,High,2024-02-14,Travel,7073
2,David Brown,High,2024-02-14,Shopping,19038
2,David Brown,High,2024-02-14,Entertainment,15675
2,David Brown,High,2024-02-14,Healthcare,19303
2,David Brown,High,2024-02-14,Electronics,8549
2,David Brown,High,2024-02-14,Utilities,8359
2,David Brown,High,2024-02-15,Groceries,8896
2,David Brown,High,2024-02-15,Dining,13659
2,David Brown,High,2024-02-15,Travel,12246
2,David Brown,High,2024-02-15,Shopping,13967
2,David Brown,High,2024-02-15,Entertainment,13661
2,David Brown,High,2024-02-15,Healthcare,19416
2,David Brown,High,2024-02-15,Electronics,7510
2,David Brown,High,2024-02-15,Utilities,15614
2,David Brown,High,2024-02-16,Groceries,9432
2,David Brown,High,2024-02-16,Dining,8906
2,David Brown,High,2024-02-16,Travel,19519
2,David Brown,High,2024-02-16,Shopping,16150
2,David Brown,High,2024-02-16,Entertainment,16016
2,David Brown,High,2024-02-16,Healthcare,7064
2,David Brown,High,2024-02-16,Electronics,11928
2,David Brown,High,2024-02-16,Utilities,11710
2,David Brown,High,2024-02-17,Groceries,18540
2,David Brown,High,2024-02-17,Dining,13124
2,David Brown,High,2024-02-17,Travel,14837
2,David Brown,High,2024-02-17,Shopping,7800
2,David Brown,High,2024-02-17,Entertainment,13063
2,David Brown,High,2024-02-17,Healthcare,15469
2,David Brown,High,2024-02-17,Electronics,13109
2,David Brown,High,2024-02-17,Utilities,16909
2,David Brown,High,2024-02-18,Groceries,17605
2,David Brown,High,2024-02-18,Dining,13659
2,David Brown,High,2024-02-18,Travel,8238
2,David Brown,High,2024-02-18,Shopping,13582
2,David Brown,High,2024-02-18,Entertainment,11523
2,David Brown,High,2024-02-18,Healthcare,12620
2,David Brown,High,2024-02-18,Electronics,8486
2,David Brown,High,2024-02-18,Utilities,11681
2,David Brown,High,2024-02-19,Groceries,18490
2,David Brown,High,2024-02-19,Dining,11470
2,David Brown,High,2024-02-19,Travel,12619
2,David Brown,High,2024-02-19,Shopping,18187
2,David Brown,High,2024-02-19,Entertainment,15284
2,David Brown,High,2024-02-19,Healthcare,18723
2,David Brown,High,2024-02-19,Electronics,14177
2,David Brown,High,2024-02-19,Utilities,12441
2,David Brown,High,2024-02-20,Groceries,8840
2,David Brown,High,2024-02-20,Dining,18719
2,David Brown,High,2024-02-20,Travel,12397
2,David Brown,High,2024-02-20,Shopping,8621
2,David Brown,High,2024-02-20,Entertainment,8561
2,David Brown,High,2024-02-20,Healthcare,12849
2,David Brown,High,2024-02-20,Electronics,8416
2,David Brown,High,2024-02-20,Utilities,18156
2,David Brown,High,2024-02-21,Groceries,11190
2,David Brown,High,2024-02-21,Dining,12054
2,David Brown,High,2024-02-21,Travel,8130
2,David Brown,High,2024-02-21,Shopping,16605
2,David Brown,High,2024-02-21,Entertainment,10597
2,David Brown,High,2024-02-21,Healthcare,18936
2,David Brown,High,2024-02-21,Electronics,9118
2,David Brown,High,2024-02-21,Utilities,7663
2,David Brown,High,2024-02-22,Groceries,9634
2,David Brown,High,2024-02-22,Dining,9774
2,David Brown,High,2024-02-22,Travel,13194
2,David Brown,High,2024-02-22,Shopping,10969
2,David Brown,High,2024-02-22,Entertainment,10490
2,David Brown,High,2024-02-22,Healthcare,16763
2,David Brown,High,2024-02-22,Electronics,8523
2,David Brown,High,2024-02-22,Utilities,15053
2,David Brown,High,2024-02-23,Groceries,7987
2,David Brown,High,2024-02-23,Dining,18430
2,David Brown,High,2024-02-23,Travel,14915
2,David Brown,High,2024-02-23,Shopping,13403
2,David Brown,High,2024-02-23,Entertainment,12321
2,David Brown,High,2024-02-23,Healthcare,10845
2,David Brown,High,2024-02-23,Electronics,13301
2,David Brown,High,2024-02-23,Utilities,18885
2,David Brown,High,2024-02-24,Groceries,7098
2,David Brown,High,2024-02-24,Dining,9288
2,David Brown,High,2024-02-24,Travel,16706
2,David Brown,High,2024-02-24,Shopping,11297
2,David Brown,High,2024-02-24,Entertainment,15825
2,David Brown,High,2024-02-24,Healthcare,14796
2,David Brown,High,2024-02-24,Electronics,14263
2,David Brown,High,2024-02-24,Utilities,19777
2,David Brown,High,2024-02-25,Groceries,15770
2,David Brown,High,2024-02-25,Dining,10959
2,David Brown,High,2024-02-25,Travel,14385
2,David Brown,High,2024-02-25,Shopping,15464
2,David Brown,High,2024-02-25,Entertainment,12338
2,David Brown,High,2024-02-25,Healthcare,11881
2,David Brown,High,2024-02-25,Electronics,10954
2,David Brown,High,2024-02-25,Utilities,10927
2,David Brown,High,2024-02-26,Groceries,15644
2,David Brown,High,2024-02-26,Dining,16367
2,David Brown,High,2024-02-26,Travel,11911
2,David Brown,High,2024-02-26,Shopping,7413
2,David Brown,High,2024-02-26,Entertainment,8550
2,David Brown,High,2024-02-26,Healthcare,11526
2,David Brown,High,2024-02-26,Electronics,14141
2,David Brown,High,2024-02-26,Utilities,13571
2,David Brown,High,2024-02-27,Groceries,8946
2,David Brown,High,2024-02-27,Dining,12203
2,David Brown,High,2024-02-27,Travel,7191
2,David Brown,High,2024-02-27,Shopping,7040
2,David Brown,High,2024-02-27,Entertainment,17051
2,David Brown,High,2024-02-27,Healthcare,12892
2,David Brown,High,2024-02-27,Electronics,16524
2,David Brown,High,2024-02-27,Utilities,10449
2,David Brown,High,2024-02-28,Groceries,15327
2,David Brown,High,2024-02-28,Dining,12909
2,David Brown,High,2024-02-28,Travel,19393
2,David Brown,High,2024-02-28,Shopping,19806
2,David Brown,High,2024-02-28,Entertainment,8941
2,David Brown,High,2024-02-28,Healthcare,16757
2,David Brown,High,2024-02-28,Electronics,11221
2,David Brown,High,2024-02-28,Utilities,14524
2,David Brown,High,2024-02-29,Groceries,13543
2,David Brown,High,2024-02-29,Dining,13222
2,David Brown,High,2024-02-29,Travel,15580
2,David Brown,High,2024-02-29,Shopping,8558
2,David Brown,High,2024-02-29,Entertainment,9121
2,David Brown,High,2024-02-29,Healthcare,8028
2,David Brown,High,2024-02-29,Electronics,18726
2,David Brown,High,2024-02-29,Utilities,15273
2,David Brown,High,2024-03-01,Groceries,12656
2,David Brown,High,2024-03-01,Dining,15967
2,David Brown,High,2024-03-01,Travel,10038
2,David Brown,High,2024-03-01,Shopping,19565
2,David Brown,High,2024-03-01,Entertainment,18079
2,David Brown,High,2024-03-01,Healthcare,8878
2,David Brown,High,2024-03-01,Electronics,9271
2,David Brown,High,2024-03-01,Utilities,8607
2,David Brown,High,2024-03-02,Groceries,10139
2,David Brown,High,2024-03-02,Dining,7605
2,David Brown,High,2024-03-02,Travel,11735
2,David Brown,High,2024-03-02,Shopping,18606
2,David Brown,High,2024-03-02,Entertainment,10665
2,David Brown,High,2024-03-02,Healthcare,12852
2,David Brown,High,2024-03-02,Electronics,12462
2,David Brown,High,2024-03-02,Utilities,9144
2,David Brown,High,2024-03-03,Groceries,11270
2,David Brown,High,2024-03-03,Dining,18957
2,David Brown,High,2024-03-03,Travel,15107
2,David Brown,High,2024-03-03,Shopping,8376
2,David Brown,High,2024-03-03,Entertainment,10462
2,David Brown,High,2024-03-03,Healthcare,7347
2,David Brown,High,2024-03-03,Electronics,7000
2,David Brown,High,2024-03-03,Utilities,7062
2,David Brown,High,2024-03-04,Groceries,8783
2,David Brown,High,2024-03-04,Dining,19006
2,David Brown,High,2024-03-04,Travel,15417
2,David Brown,High,2024-03-04,Shopping,13566
2,David Brown,High,2024-03-04,Entertainment,8042
2,David Brown,High,2024-03-04,Healthcare,16036
2,David Brown,High,2024-03-04,Electronics,17872
2,David Brown,High,2024-03-04,Utilities,19311
2,David Brown,High,2024-03-05,Groceries,8234
2,David Brown,High,2024-03-05,Dining,8984
2,David Brown,High,2024-03-05,Travel,19448
2,David Brown,High,2024-03-05,Shopping,16470
2,David Brown,High,2024-03-05,Entertainment,8594
2,David Brown,High,2024-03-05,Healthcare,13257
2,David Brown,High,2024-03-05,Electronics,17743
2,David Brown,High,2024-03-05,Utilities,8952
2,David Brown,High,2024-03-06,Groceries,8695
2,David Brown,High,2024-03-06,Dining,7954
2,David Brown,High,2024-03-06,Travel,10291
2,David Brown,High,2024-03-06,Shopping,15548
2,David Brown,High,2024-03-06,Entertainment,18787
2,David Brown,High,2024-03-06,Healthcare,7968
2,David Brown,High,2024-03-06,Electronics,7241
2,David Brown,High,2024-03-06,Utilities,18638
2,David Brown,High,2024-03-07,Groceries,11234
2,David Brown,High,2024-03-07,Dining,17336
2,David Brown,High,2024-03-07,Travel,15338
2,David Brown,High,2024-03-07,Shopping,14349
2,David Brown,High,2024-03-07,Entertainment,12161
2,David Brown,High,2024-03-07,Healthcare,15734
2,David Brown,High,2024-03-07,Electronics,15883
2,David Brown,High,2024-03-07,Utilities,8025
2,David Brown,High,2024-03-08,Groceries,19242
2,David Brown,High,2024-03-08,Dining,19197
2,David Brown,High,2024-03-08,Travel,10359
2,David Brown,High,2024-03-08,Shopping,12257
2,David Brown,High,2024-03-08,Entertainment,12736
2,David Brown,High,2024-03-08,Healthcare,14679
2,David Brown,High,2024-03-08,Electronics,9951
2,David Brown,High,2024-03-08,Utilities,15921
2,David Brown,High,2024-03-09,Groceries,14389
2,David Brown,High,2024-03-09,Dining,19691
2,David Brown,High,2024-03-09,Travel,9555
2,David Brown,High,2024-03-09,Shopping,8150
2,David Brown,High,2024-03-09,Entertainment,8735
2,David Brown,High,2024-03-09,Healthcare,14931
2,David Brown,High,2024-03-09,Electronics,8038
2,David Brown,High,2024-03-09,Utilities,13369
2,David Brown,High,2024-03-10,Groceries,14127
2,David Brown,High,2024-03-10,Dining,9912
2,David Brown,High,2024-03-10,Travel,11840
2,David Brown,High,2024-03-10,Shopping,17732
2,David Brown,High,2024-03-10,Entertainment,19606
2,David Brown,High,2024-03-10,Healthcare,8242
2,David Brown,High,2024-03-10,Electronics,15964
2,David Brown,High,2024-03-10,Utilities,17108
2,David Brown,High,2024-03-11,Groceries,15098
2,David Brown,High,2024-03-11,Dining,10412
2,David Brown,High,2024-03-11,Travel,9499
2,David Brown,High,2024-03-11,Shopping,18632
2,David Brown,High,2024-03-11,Entertainment,14160
2,David Brown,High,2024-03-11,Healthcare,13110
2,David Brown,High,2024-03-11,Electronics,10545
2,David Brown,High,2024-03-11,Utilities,8213
2,David Brown,High,2024-03-12,Groceries,18123
2,David Brown,High,2024-03-12,Dining,7418
2,David Brown,High,2024-03-12,Travel,18973
2,David Brown,High,2024-03-12,Shopping,11960
2,David Brown,High,2024-03-12,Entertainment,7788
2,David Brown,High,2024-03-12,Healthcare,8871
2,David Brown,High,2024-03-12,Electronics,19782
2,David Brown,High,2024-03-12,Utilities,9025
2,David Brown,High,2024-03-13,Groceries,13264
2,David Brown,High,2024-03-13,Dining,9446
2,David Brown,High,2024-03-13,Travel,14429
2,David Brown,High,2024-03-13,Shopping,11823
2,David Brown,High,2024-03-13,Entertainment,15752
2,David Brown,High,2024-03-13,Healthcare,9651
2,David Brown,High,2024-03-13,Electronics,19096
2,David Brown,High,2024-03-13,Utilities,7539
2,David Brown,High,2024-03-14,Groceries,13499
2,David Brown,High,2024-03-14,Dining,11755
2,David Brown,High,2024-03-14,Travel,12959
2,David Brown,High,2024-03-14,Shopping,18328
2,David Brown,High,2024-03-14,Entertainment,10289
2,David Brown,High,2024-03-14,Healthcare,17802
2,David Brown,High,2024-03-14,Electronics,12546
2,David Brown,High,2024-03-14,Utilities,17136
2,David Brown,High,2024-03-15,Groceries,18337
2,David Brown,High,2024-03-15,Dining,9758
2,David Brown,High,2024-03-15,Travel,12311
2,David Brown,High,2024-03-15,Shopping,18452
2,David Brown,High,2024-03-15,Entertainment,11107
2,David Brown,High,2024-03-15,Healthcare,8895
2,David Brown,High,2024-03-15,Electronics,9500
2,David Brown,High,2024-03-15,Utilities,9829
2,David Brown,High,2024-03-16,Groceries,19065
2,David Brown,High,2024-03-16,Dining,7047
2,David Brown,High,2024-03-16,Travel,9364
2,David Brown,High,2024-03-16,Shopping,17448
2,David Brown,High,2024-03-16,Entertainment,12666
2,David Brown,High,2024-03-16,Healthcare,19864
2,David Brown,High,2024-03-16,Electronics,13458
2,David Brown,High,2024-03-16,Utilities,15945
2,David Brown,High,2024-03-17,Groceries,15177
2,David Brown,High,2024-03-17,Dining,14630
2,David Brown,High,2024-03-17,Travel,14931
2,David Brown,High,2024-03-17,Shopping,14058
2,David Brown,High,2024-03-17,Entertainment,9802
2,David Brown,High,2024-03-17,Healthcare,19841
2,David Brown,High,2024-03-17,Electronics,18844
2,David Brown,High,2024-03-17,Utilities,15594
2,David Brown,High,2024-03-18,Groceries,9086
2,David Brown,High,2024-03-18,Dining,13724
2,David Brown,High,2024-03-18,Travel,17419
2,David Brown,High,2024-03-18,Shopping,13155
2,David Brown,High,2024-03-18,Entertainment,18602
2,David Brown,High,2024-03-18,Healthcare,18182
2,David Brown,High,2024-03-18,Electronics,19835
2,David Brown,High,2024-03-18,Utilities,8149
2,David Brown,High,2024-03-19,Groceries,7062
2,David Brown,High,2024-03-19,Dining,10153
2,David Brown,High,2024-03-19,Travel,16200
2,David Brown,High,2024-03-19,Shopping,12938
2,David Brown,High,2024-03-19,Entertainment,17223
2,David Brown,High,2024-03-19,Healthcare,16514
2,David Brown,High,2024-03-19,Electronics,17273
2,David Brown,High,2024-03-19,Utilities,7751
2,David Brown,High,2024-03-20,Groceries,14776
2,David Brown,High,2024-03-20,Dining,19336
2,David Brown,High,2024-03-20,Travel,15849
2,David Brown,High,2024-03-20,Shopping,16852
2,David Brown,High,2024-03-20,Entertainment,7700
2,David Brown,High,2024-03-20,Healthcare,16272
2,David Brown,High,2024-03-20,Electronics,17348
2,David Brown,High,2024-03-20,Utilities,8540
2,David Brown,High,2024-03-21,Groceries,10032
2,David Brown,High,2024-03-21,Dining,13167
2,David Brown,High,2024-03-21,Travel,13364
2,David Brown,High,2024-03-21,Shopping,8983
2,David Brown,High,2024-03-21,Entertainment,15506
2,David Brown,High,2024-03-21,Healthcare,18273
2,David Brown,High,2024-03-21,Electronics,12796
2,David Brown,High,2024-03-21,Utilities,14648
2,David Brown,High,2024-03-22,Groceries,14894
2,David Brown,High,2024-03-22,Dining,19925
2,David Brown,High,2024-03-22,Travel,9314
2,David Brown,High,2024-03-22,Shopping,14959
2,David Brown,High,2024-03-22,Entertainment,17327
2,David Brown,High,2024-03-22,Healthcare,8649
2,David Brown,High,2024-03-22,Electronics,14700
2,David Brown,High,2024-03-22,Utilities,18411
2,David Brown,High,2024-03-23,Groceries,13900
2,David Brown,High,2024-03-23,Dining,10800
2,David Brown,High,2024-03-23,Travel,9478
2,David Brown,High,2024-03-23,Shopping,19259
2,David Brown,High,2024-03-23,Entertainment,16967
2,David Brown,High,2024-03-23,Healthcare,17158
2,David Brown,High,2024-03-23,Electronics,14054
2,David Brown,High,2024-03-23,Utilities,13059
2,David Brown,High,2024-03-24,Groceries,16959
2,David Brown,High,2024-03-24,Dining,19007
2,David Brown,High,2024-03-24,Travel,15433
2,David Brown,High,2024-03-24,Shopping,19989
2,David Brown,High,2024-03-24,Entertainment,18141
2,David Brown,High,2024-03-24,Healthcare,13209
2,David Brown,High,2024-03-24,Electronics,14115
2,David Brown,High,2024-03-24,Utilities,9256
2,David Brown,High,2024-03-25,Groceries,19303
2,David Brown,High,2024-03-25,Dining,10368
2,David Brown,High,2024-03-25,Travel,14387
2,David Brown,High,2024-03-25,Shopping,15558
2,David Brown,High,2024-03-25,Entertainment,9827
2,David Brown,High,2024-03-25,Healthcare,16444
2,David Brown,High,2024-03-25,Electronics,9487
2,David Brown,High,2024-03-25,Utilities,19977
2,David Brown,High,2024-03-26,Groceries,10603
2,David Brown,High,2024-03-26,Dining,10521
2,David Brown,High,2024-03-26,Travel,11517
2,David Brown,High,2024-03-26,Shopping,8643
2,David Brown,High,2024-03-26,Entertainment,8212
2,David Brown,High,2024-03-26,Healthcare,14345
2,David Brown,High,2024-03-26,Electronics,11703
2,David Brown,High,2024-03-26,Utilities,12434
2,David Brown,High,2024-03-27,Groceries,7019
2,David Brown,High,2024-03-27,Dining,7675
2,David Brown,High,2024-03-27,Travel,11477
2,David Brown,High,2024-03-27,Shopping,7608
2,David Brown,High,2024-03-27,Entertainment,13286
2,David Brown,High,2024-03-27,Healthcare,7061
2,David Brown,High,2024-03-27,Electronics,16457
2,David Brown,High,2024-03-27,Utilities,17477
2,David Brown,High,2024-03-28,Groceries,8154
2,David Brown,High,2024-03-28,Dining,16820
2,David Brown,High,2024-03-28,Travel,16818
2,David Brown,High,2024-03-28,Shopping,10716
2,David Brown,High,2024-03-28,Entertainment,12242
2,David Brown,High,2024-03-28,Healthcare,12559
2,David Brown,High,2024-03-28,Electronics,12022
2,David Brown,High,2024-03-28,Utilities,13485
2,David Brown,High,2024-03-29,Groceries,8442
2,David Brown,High,2024-03-29,Dining,8653
2,David Brown,High,2024-03-29,Travel,9502
2,David Brown,High,2024-03-29,Shopping,10269
2,David Brown,High,2024-03-29,Entertainment,7281
2,David Brown,High,2024-03-29,Healthcare,16216
2,David Brown,High,2024-03-29,Electronics,10403
2,David Brown,High,2024-03-29,Utilities,8235
2,David Brown,High,2024-03-30,Groceries,19374
2,David Brown,High,2024-03-30,Dining,11760
2,David Brown,High,2024-03-30,Travel,13940
2,David Brown,High,2024-03-30,Shopping,7785
2,David Brown,High,2024-03-30,Entertainment,18509
2,David Brown,High,2024-03-30,Healthcare,16859
2,David Brown,High,2024-03-30,Electronics,18200
2,David Brown,High,2024-03-30,Utilities,10194
2,David Brown,High,2024-03-31,Groceries,11789
2,David Brown,High,2024-03-31,Dining,10775
2,David Brown,High,2024-03-31,Travel,17638
2,David Brown,High,2024-03-31,Shopping,18982
2,David Brown,High,2024-03-31,Entertainment,12350
2,David Brown,High,2024-03-31,Healthcare,7533
2,David Brown,High,2024-03-31,Electronics,15593
2,David Brown,High,2024-03-31,Utilities,10663
2,David Brown,High,2024-04-01,Groceries,7129
2,David Brown,High,2024-04-01,Dining,17531
2,David Brown,High,2024-04-01,Travel,19563
2,David Brown,High,2024-04-01,Shopping,9959
2,David Brown,High,2024-04-01,Entertainment,8858
2,David Brown,High,2024-04-01,Healthcare,18165
2,David Brown,High,2024-04-01,Electronics,19342
2,David Brown,High,2024-04-01,Utilities,10649
2,David Brown,High,2024-04-02,Groceries,17978
2,David Brown,High,2024-04-02,Dining,10097
2,David Brown,High,2024-04-02,Travel,10512
2,David Brown,High,2024-04-02,Shopping,11860
2,David Brown,High,2024-04-02,Entertainment,16412
2,David Brown,High,2024-04-02,Healthcare,15833
2,David Brown,High,2024-04-02,Electronics,18506
2,David Brown,High,2024-04-02,Utilities,7723
2,David Brown,High,2024-04-03,Groceries,7737
2,David Brown,High,2024-04-03,Dining,8299
2,David Brown,High,2024-04-03,Travel,10480
2,David Brown,High,2024-04-03,Shopping,7339
2,David Brown,High,2024-04-03,Entertainment,7152
2,David Brown,High,2024-04-03,Healthcare,12684
2,David Brown,High,2024-04-03,Electronics,16613
2,David Brown,High,2024-04-03,Utilities,10051
2,David Brown,High,2024-04-04,Groceries,7426
2,David Brown,High,2024-04-04,Dining,14146
2,David Brown,High,2024-04-04,Travel,15125
2,David Brown,High,2024-04-04,Shopping,18750
2,David Brown,High,2024-04-04,Entertainment,13347
2,David Brown,High,2024-04-04,Healthcare,16327
2,David Brown,High,2024-04-04,Electronics,9372
2,David Brown,High,2024-04-04,Utilities,15126
2,David Brown,High,2024-04-05,Groceries,18521
2,David Brown,High,2024-04-05,Dining,7949
2,David Brown,High,2024-04-05,Travel,14695
2,David Brown,High,2024-04-05,Shopping,8373
2,David Brown,High,2024-04-05,Entertainment,14082
2,David Brown,High,2024-04-05,Healthcare,16148
2,David Brown,High,2024-04-05,Electronics,16893
2,David Brown,High,2024-04-05,Utilities,18133
2,David Brown,High,2024-04-06,Groceries,9482
2,David Brown,High,2024-04-06,Dining,14593
2,David Brown,High,2024-04-06,Travel,16495
2,David Brown,High,2024-04-06,Shopping,7370
2,David Brown,High,2024-04-06,Entertainment,14837
2,David Brown,High,2024-04-06,Healthcare,18172
2,David Brown,High,2024-04-06,Electronics,9296
2,David Brown,High,2024-04-06,Utilities,14034
2,David Brown,High,2024-04-07,Groceries,13324
2,David Brown,High,2024-04-07,Dining,19990
2,David Brown,High,2024-04-07,Travel,14142
2,David Brown,High,2024-04-07,Shopping,17317
2,David Brown,High,2024-04-07,Entertainment,18158
2,David Brown,High,2024-04-07,Healthcare,14028
2,David Brown,High,2024-04-07,Electronics,13479
2,David Brown,High,2024-04-07,Utilities,11145
2,David Brown,High,2024-04-08,Groceries,17934
2,David Brown,High,2024-04-08,Dining,11021
2,David Brown,High,2024-04-08,Travel,9364
2,David Brown,High,2024-04-08,Shopping,12230
2,David Brown,High,2024-04-08,Entertainment,12970
2,David Brown,High,2024-04-08,Healthcare,15954
2,David Brown,High,2024-04-08,Electronics,14300
2,David Brown,High,2024-04-08,Utilities,13755
2,David Brown,High,2024-04-09,Groceries,19254
2,David Brown,High,2024-04-09,Dining,8004
2,David Brown,High,2024-04-09,Travel,14057
2,David Brown,High,2024-04-09,Shopping,10755
2,David Brown,High,2024-04-09,Entertainment,9846
2,David Brown,High,2024-04-09,Healthcare,13262
2,David Brown,High,2024-04-09,Electronics,15541
2,David Brown,High,2024-04-09,Utilities,9964
2,David Brown,High,2024-04-10,Groceries,15878
2,David Brown,High,2024-04-10,Dining,11637
2,David Brown,High,2024-04-10,Travel,18318
2,David Brown,High,2024-04-10,Shopping,19648
2,David Brown,High,2024-04-10,Entertainment,9755
2,David Brown,High,2024-04-10,Healthcare,18716
2,David Brown,High,2024-04-10,Electronics,10624
2,David Brown,High,2024-04-10,Utilities,9732
2,David Brown,High,2024-04-11,Groceries,13473
2,David Brown,High,2024-04-11,Dining,13351
2,David Brown,High,2024-04-11,Travel,8693
2,David Brown,High,2024-04-11,Shopping,18084
2,David Brown,High,2024-04-11,Entertainment,19003
2,David Brown,High,2024-04-11,Healthcare,19372
2,David Brown,High,2024-04-11,Electronics,7684
2,David Brown,High,2024-04-11,Utilities,19532
2,David Brown,High,2024-04-12,Groceries,9919
2,David Brown,High,2024-04-12,Dining,14166
2,David Brown,High,2024-04-12,Travel,10756
2,David Brown,High,2024-04-12,Shopping,12454
2,David Brown,High,2024-04-12,Entertainment,10283
2,David Brown,High,2024-04-12,Healthcare,11691
2,David Brown,High,2024-04-12,Electronics,13828
2,David Brown,High,2024-04-12,Utilities,14350
2,David Brown,High,2024-04-13,Groceries,19218
2,David Brown,High,2024-04-13,Dining,8156
2,David Brown,High,2024-04-13,Travel,10061
2,David Brown,High,2024-04-13,Shopping,14157
2,David Brown,High,2024-04-13,Entertainment,12919
2,David Brown,High,2024-04-13,Healthcare,12893
2,David Brown,High,2024-04-13,Electronics,11445
2,David Brown,High,2024-04-13,Utilities,17521
2,David Brown,High,2024-04-14,Groceries,13436
2,David Brown,High,2024-04-14,Dining,8292
2,David Brown,High,2024-04-14,Travel,17076
2,David Brown,High,2024-04-14,Shopping,16752
2,David Brown,High,2024-04-14,Entertainment,16175
2,David Brown,High,2024-04-14,Healthcare,14902
2,David Brown,High,2024-04-14,Electronics,9067
2,David Brown,High,2024-04-14,Utilities,17055
2,David Brown,High,2024-04-15,Groceries,8979
2,David Brown,High,2024-04-15,Dining,8736
2,David Brown,High,2024-04-15,Travel,17644
2,David Brown,High,2024-04-15,Shopping,8918
2,David Brown,High,2024-04-15,Entertainment,7700
2,David Brown,High,2024-04-15,Healthcare,11046
2,David Brown,High,2024-04-15,Electronics,9073
2,David Brown,High,2024-04-15,Utilities,11661
2,David Brown,High,2024-04-16,Groceries,18945
2,David Brown,High,2024-04-16,Dining,7394
2,David Brown,High,2024-04-16,Travel,17148
2,David Brown,High,2024-04-16,Shopping,10048
2,David Brown,High,2024-04-16,Entertainment,10452
2,David Brown,High,2024-04-16,Healthcare,7522
2,David Brown,High,2024-04-16,Electronics,16754
2,David Brown,High,2024-04-16,Utilities,18101
2,David Brown,High,2024-04-17,Groceries,18041
2,David Brown,High,2024-04-17,Dining,15741
2,David Brown,High,2024-04-17,Travel,8468
2,David Brown,High,2024-04-17,Shopping,13230
2,David Brown,High,2024-04-17,Entertainment,15116
2,David Brown,High,2024-04-17,Healthcare,16024
2,David Brown,High,2024-04-17,Electronics,19674
2,David Brown,High,2024-04-17,Utilities,13811
2,David Brown,High,2024-04-18,Groceries,8421
2,David Brown,High,2024-04-18,Dining,14987
2,David Brown,High,2024-04-18,Travel,7285
2,David Brown,High,2024-04-18,Shopping,9745
2,David Brown,High,2024-04-18,Entertainment,18957
2,David Brown,High,2024-04-18,Healthcare,14108
2,David Brown,High,2024-04-18,Electronics,11464
2,David Brown,High,2024-04-18,Utilities,8445
2,David Brown,High,2024-04-19,Groceries,12837
2,David Brown,High,2024-04-19,Dining,8466
2,David Brown,High,2024-04-19,Travel,16968
2,David Brown,High,2024-04-19,Shopping,14167
2,David Brown,High,2024-04-19,Entertainment,18847
2,David Brown,High,2024-04-19,Healthcare,16106
2,David Brown,High,2024-04-19,Electronics,15479
2,David Brown,High,2024-04-19,Utilities,19382
2,David Brown,High,2024-04-20,Groceries,17280
2,David Brown,High,2024-04-20,Dining,11426
2,David Brown,High,2024-04-20,Travel,12932
2,David Brown,High,2024-04-20,Shopping,16996
2,David Brown,High,2024-04-20,Entertainment,8178
2,David Brown,High,2024-04-20,Healthcare,9551
2,David Brown,High,2024-04-20,Electronics,11370
2,David Brown,High,2024-04-20,Utilities,16780
2,David Brown,High,2024-04-21,Groceries,13322
2,David Brown,High,2024-04-21,Dining,17148
2,David Brown,High,2024-04-21,Travel,16967
2,David Brown,High,2024-04-21,Shopping,11862
2,David Brown,High,2024-04-21,Entertainment,16179
2,David Brown,High,2024-04-21,Healthcare,12855
2,David Brown,High,2024-04-21,Electronics,8203
2,David Brown,High,2024-04-21,Utilities,14349
2,David Brown,High,2024-04-22,Groceries,18522
2,David Brown,High,2024-04-22,Dining,13386
2,David Brown,High,2024-04-22,Travel,8119
2,David Brown,High,2024-04-22,Shopping,15388
2,David Brown,High,2024-04-22,Entertainment,10975
2,David Brown,High,2024-04-22,Healthcare,15717
2,David Brown,High,2024-04-22,Electronics,19919
2,David Brown,High,2024-04-22,Utilities,16602
2,David Brown,High,2024-04-23,Groceries,19695
2,David Brown,High,2024-04-23,Dining,8292
2,David Brown,High,2024-04-23,Travel,16386
2,David Brown,High,2024-04-23,Shopping,17140
2,David Brown,High,2024-04-23,Entertainment,10655
2,David Brown,High,2024-04-23,Healthcare,11786
2,David Brown,High,2024-04-23,Electronics,9217
2,David Brown,High,2024-04-23,Utilities,19446
2,David Brown,High,2024-04-24,Groceries,18772
2,David Brown,High,2024-04-24,Dining,13590
2,David Brown,High,2024-04-24,Travel,8017
2,David Brown,High,2024-04-24,Shopping,18345
2,David Brown,High,2024-04-24,Entertainment,12176
2,David Brown,High,2024-04-24,Healthcare,10590
2,David Brown,High,2024-04-24,Electronics,19399
2,David Brown,High,2024-04-24,Utilities,19261
2,David Brown,High,2024-04-25,Groceries,15239
2,David Brown,High,2024-04-25,Dining,18855
2,David Brown,High,2024-04-25,Travel,19663
2,David Brown,High,2024-04-25,Shopping,16019
2,David Brown,High,2024-04-25,Entertainment,13176
2,David Brown,High,2024-04-25,Healthcare,13647
2,David Brown,High,2024-04-25,Electronics,11722
2,David Brown,High,2024-04-25,Utilities,13015
2,David Brown,High,2024-04-26,Groceries,12122
2,David Brown,High,2024-04-26,Dining,14683
2,David Brown,High,2024-04-26,Travel,9089
2,David Brown,High,2024-04-26,Shopping,9056
2,David Brown,High,2024-04-26,Entertainment,16010
2,David Brown,High,2024-04-26,Healthcare,19944
2,David Brown,High,2024-04-26,Electronics,19176
2,David Brown,High,2024-04-26,Utilities,10680
2,David Brown,High,2024-04-27,Groceries,17003
2,David Brown,High,2024-04-27,Dining,11885
2,David Brown,High,2024-04-27,Travel,10114
2,David Brown,High,2024-04-27,Shopping,14383
2,David Brown,High,2024-04-27,Entertainment,8629
2,David Brown,High,2024-04-27,Healthcare,8543
2,David Brown,High,2024-04-27,Electronics,14512
2,David Brown,High,2024-04-27,Utilities,18771
2,David Brown,High,2024-04-28,Groceries,12769
2,David Brown,High,2024-04-28,Dining,8904
2,David Brown,High,2024-04-28,Travel,8436
2,David Brown,High,2024-04-28,Shopping,12031
2,David Brown,High,2024-04-28,Entertainment,10317
2,David Brown,High,2024-04-28,Healthcare,18712
2,David Brown,High,2024-04-28,Electronics,18251
2,David Brown,High,2024-04-28,Utilities,11116
2,David Brown,High,2024-04-29,Groceries,16190
2,David Brown,High,2024-04-29,Dining,16623
2,David Brown,High,2024-04-29,Travel,11552
2,David Brown,High,2024-04-29,Shopping,12563
2,David Brown,High,2024-04-29,Entertainment,13123
2,David Brown,High,2024-04-29,Healthcare,10061
2,David Brown,High,2024-04-29,Electronics,15089
2,David Brown,High,2024-04-29,Utilities,15456
2,David Brown,High,2024-04-30,Groceries,10731
2,David Brown,High,2024-04-30,Dining,13327
2,David Brown,High,2024-04-30,Travel,17466
2,David Brown,High,2024-04-30,Shopping,19067
2,David Brown,High,2024-04-30,Entertainment,10317
2,David Brown,High,2024-04-30,Healthcare,9046
2,David Brown,High,2024-04-30,Electronics,10144
2,David Brown,High,2024-04-30,Utilities,10221
2,David Brown,High,2024-05-01,Groceries,18332
2,David Brown,High,2024-05-01,Dining,12064
2,David Brown,High,2024-05-01,Travel,16445
2,David Brown,High,2024-05-01,Shopping,7722
2,David Brown,High,2024-05-01,Entertainment,14775
2,David Brown,High,2024-05-01,Healthcare,14564
2,David Brown,High,2024-05-01,Electronics,15275
2,David Brown,High,2024-05-01,Utilities,11835
2,David Brown,High,2024-05-02,Groceries,18562
2,David Brown,High,2024-05-02,Dining,10819
2,David Brown,High,2024-05-02,Travel,10364
2,David Brown,High,2024-05-02,Shopping,16949
2,David Brown,High,2024-05-02,Entertainment,13089
2,David Brown,High,2024-05-02,Healthcare,11318
2,David Brown,High,2024-05-02,Electronics,13936
2,David Brown,High,2024-05-02,Utilities,9780
2,David Brown,High,2024-05-03,Groceries,18479
2,David Brown,High,2024-05-03,Dining,14398
2,David Brown,High,2024-05-03,Travel,9452
2,David Brown,High,2024-05-03,Shopping,12288
2,David Brown,High,2024-05-03,Entertainment,15520
2,David Brown,High,2024-05-03,Healthcare,7425
2,David Brown,High,2024-05-03,Electronics,15961
2,David Brown,High,2024-05-03,Utilities,10975
2,David Brown,High,2024-05-04,Groceries,15799
2,David Brown,High,2024-05-04,Dining,17044
2,David Brown,High,2024-05-04,Travel,13669
2,David Brown,High,2024-05-04,Shopping,17864
2,David Brown,High,2024-05-04,Entertainment,9124
2,David Brown,High,2024-05-04,Healthcare,8300
2,David Brown,High,2024-05-04,Electronics,12015
2,David Brown,High,2024-05-04,Utilities,15657
2,David Brown,High,2024-05-05,Groceries,8964
2,David Brown,High,2024-05-05,Dining,12567
2,David Brown,High,2024-05-05,Travel,17137
2,David Brown,High,2024-05-05,Shopping,12279
2,David Brown,High,2024-05-05,Entertainment,17731
2,David Brown,High,2024-05-05,Healthcare,9360
2,David Brown,High,2024-05-05,Electronics,9039
2,David Brown,High,2024-05-05,Utilities,8184
2,David Brown,High,2024-05-06,Groceries,10934
2,David Brown,High,2024-05-06,Dining,18409
2,David Brown,High,2024-05-06,Travel,12794
2,David Brown,High,2024-05-06,Shopping,15172
2,David Brown,High,2024-05-06,Entertainment,17974
2,David Brown,High,2024-05-06,Healthcare,7777
2,David Brown,High,2024-05-06,Electronics,10379
2,David Brown,High,2024-05-06,Utilities,9418
2,David Brown,High,2024-05-07,Groceries,11077
2,David Brown,High,2024-05-07,Dining,19454
2,David Brown,High,2024-05-07,Travel,9439
2,David Brown,High,2024-05-07,Shopping,14804
2,David Brown,High,2024-05-07,Entertainment,12269
2,David Brown,High,2024-05-07,Healthcare,12587
2,David Brown,High,2024-05-07,Electronics,8989
2,David Brown,High,2024-05-07,Utilities,14868
2,David Brown,High,2024-05-08,Groceries,16258
2,David Brown,High,2024-05-08,Dining,7944
2,David Brown,High,2024-05-08,Travel,15220
2,David Brown,High,2024-05-08,Shopping,8897
2,David Brown,High,2024-05-08,Entertainment,12751
2,David Brown,High,2024-05-08,Healthcare,12150
2,David Brown,High,2024-05-08,Electronics,8697
2,David Brown,High,2024-05-08,Utilities,18006
2,David Brown,High,2024-05-09,Groceries,18557
2,David Brown,High,2024-05-09,Dining,17680
2,David Brown,High,2024-05-09,Travel,12885
2,David Brown,High,2024-05-09,Shopping,8665
2,David Brown,High,2024-05-09,Entertainment,19811
2,David Brown,High,2024-05-09,Healthcare,16762
2,David Brown,High,2024-05-09,Electronics,16925
2,David Brown,High,2024-05-09,Utilities,15951
2,David Brown,High,2024-05-10,Groceries,17349
2,David Brown,High,2024-05-10,Dining,16543
2,David Brown,High,2024-05-10,Travel,18668
2,David Brown,High,2024-05-10,Shopping,16460
2,David Brown,High,2024-05-10,Entertainment,8785
2,David Brown,High,2024-05-10,Healthcare,19141
2,David Brown,High,2024-05-10,Electronics,12948
2,David Brown,High,2024-05-10,Utilities,9607
2,David Brown,High,2024-05-11,Groceries,15590
2,David Brown,High,2024-05-11,Dining,9630
2,David Brown,High,2024-05-11,Travel,17638
2,David Brown,High,2024-05-11,Shopping,14660
2,David Brown,High,2024-05-11,Entertainment,16861
2,David Brown,High,2024-05-11,Healthcare,7238
2,David Brown,High,2024-05-11,Electronics,10536
2,David Brown,High,2024-05-11,Utilities,10861
2,David Brown,High,2024-05-12,Groceries,18295
2,David Brown,High,2024-05-12,Dining,16338
2,David Brown,High,2024-05-12,Travel,16749
2,David Brown,High,2024-05-12,Shopping,18930
2,David Brown,High,2024-05-12,Entertainment,17349
2,David Brown,High,2024-05-12,Healthcare,18643
2,David Brown,High,2024-05-12,Electronics,15491
2,David Brown,High,2024-05-12,Utilities,18890
2,David Brown,High,2024-05-13,Groceries,19245
2,David Brown,High,2024-05-13,Dining,14899
2,David Brown,High,2024-05-13,Travel,14145
2,David Brown,High,2024-05-13,Shopping,12861
2,David Brown,High,2024-05-13,Entertainment,7248
2,David Brown,High,2024-05-13,Healthcare,17760
2,David Brown,High,2024-05-13,Electronics,19321
2,David Brown,High,2024-05-13,Utilities,11323
2,David Brown,High,2024-05-14,Groceries,19872
2,David Brown,High,2024-05-14,Dining,14101
2,David Brown,High,2024-05-14,Travel,9860
2,David Brown,High,2024-05-14,Shopping,7723
2,David Brown,High,2024-05-14,Entertainment,7569
2,David Brown,High,2024-05-14,Healthcare,15411
2,David Brown,High,2024-05-14,Electronics,16586
2,David Brown,High,2024-05-14,Utilities,9834
2,David Brown,High,2024-05-15,Groceries,14928
2,David Brown,High,2024-05-15,Dining,13671
2,David Brown,High,2024-05-15,Travel,9122
2,David Brown,High,2024-05-15,Shopping,19423
2,David Brown,High,2024-05-15,Entertainment,11000
2,David Brown,High,2024-05-15,Healthcare,19541
2,David Brown,High,2024-05-15,Electronics,10089
2,David Brown,High,2024-05-15,Utilities,14165
2,David Brown,High,2024-05-16,Groceries,14210
2,David Brown,High,2024-05-16,Dining,7049
2,David Brown,High,2024-05-16,Travel,7514
2,David Brown,High,2024-05-16,Shopping,17983
2,David Brown,High,2024-05-16,Entertainment,17970
2,David Brown,High,2024-05-16,Healthcare,17810
2,David Brown,High,2024-05-16,Electronics,17029
2,David Brown,High,2024-05-16,Utilities,11671
2,David Brown,High,2024-05-17,Groceries,14749
2,David Brown,High,2024-05-17,Dining,8165
2,David Brown,High,2024-05-17,Travel,17441
2,David Brown,High,2024-05-17,Shopping,7414
2,David Brown,High,2024-05-17,Entertainment,17460
2,David Brown,High,2024-05-17,Healthcare,8104
2,David Brown,High,2024-05-17,Electronics,11858
2,David Brown,High,2024-05-17,Utilities,19850
2,David Brown,High,2024-05-18,Groceries,10356
2,David Brown,High,2024-05-18,Dining,9416
2,David Brown,High,2024-05-18,Travel,12611
2,David Brown,High,2024-05-18,Shopping,17126
2,David Brown,High,2024-05-18,Entertainment,12465
2,David Brown,High,2024-05-18,Healthcare,15395
2,David Brown,High,2024-05-18,Electronics,14192
2,David Brown,High,2024-05-18,Utilities,12672
2,David Brown,High,2024-05-19,Groceries,15260
2,David Brown,High,2024-05-19,Dining,15707
2,David Brown,High,2024-05-19,Travel,10563
2,David Brown,High,2024-05-19,Shopping,13383
2,David Brown,High,2024-05-19,Entertainment,19648
2,David Brown,High,2024-05-19,Healthcare,16656
2,David Brown,High,2024-05-19,Electronics,16844
2,David Brown,High,2024-05-19,Utilities,15898
2,David Brown,High,2024-05-20,Groceries,16817
2,David Brown,High,2024-05-20,Dining,13833
2,David Brown,High,2024-05-20,Travel,11752
2,David Brown,High,2024-05-20,Shopping,15123
2,David Brown,High,2024-05-20,Entertainment,10785
2,David Brown,High,2024-05-20,Healthcare,16537
2,David Brown,High,2024-05-20,Electronics,15535
2,David Brown,High,2024-05-20,Utilities,18978
2,David Brown,High,2024-05-21,Groceries,15727
2,David Brown,High,2024-05-21,Dining,15546
2,David Brown,High,2024-05-21,Travel,18734
2,David Brown,High,2024-05-21,Shopping,12023
2,David Brown,High,2024-05-21,Entertainment,7982
2,David Brown,High,2024-05-21,Healthcare,8345
2,David Brown,High,2024-05-21,Electronics,12691
2,David Brown,High,2024-05-21,Utilities,13002
2,David Brown,High,2024-05-22,Groceries,18201
2,David Brown,High,2024-05-22,Dining,7526
2,David Brown,High,2024-05-22,Travel,13647
2,David Brown,High,2024-05-22,Shopping,14252
2,David Brown,High,2024-05-22,Entertainment,7930
2,David Brown,High,2024-05-22,Healthcare,17948
2,David Brown,High,2024-05-22,Electronics,9282
2,David Brown,High,2024-05-22,Utilities,8946
2,David Brown,High,2024-05-23,Groceries,19119
2,David Brown,High,2024-05-23,Dining,17733
2,David Brown,High,2024-05-23,Travel,17108
2,David Brown,High,2024-05-23,Shopping,10360
2,David Brown,High,2024-05-23,Entertainment,16785
2,David Brown,High,2024-05-23,Healthcare,15112
2,David Brown,High,2024-05-23,Electronics,9925
2,David Brown,High,2024-05-23,Utilities,10625
2,David Brown,High,2024-05-24,Groceries,12469
2,David Brown,High,2024-05-24,Dining,8223
2,David Brown,High,2024-05-24,Travel,17151
2,David Brown,High,2024-05-24,Shopping,14110
2,David Brown,High,2024-05-24,Entertainment,16157
2,David Brown,High,2024-05-24,Healthcare,11992
2,David Brown,High,2024-05-24,Electronics,18870
2,David Brown,High,2024-05-24,Utilities,19504
2,David Brown,High,2024-05-25,Groceries,15814
2,David Brown,High,2024-05-25,Dining,19640
2,David Brown,High,2024-05-25,Travel,11787
2,David Brown,High,2024-05-25,Shopping,13818
2,David Brown,High,2024-05-25,Entertainment,11726
2,David Brown,High,2024-05-25,Healthcare,9372
2,David Brown,High,2024-05-25,Electronics,18140
2,David Brown,High,2024-05-25,Utilities,10299
2,David Brown,High,2024-05-26,Groceries,16360
2,David Brown,High,2024-05-26,Dining,13451
2,David Brown,High,2024-05-26,Travel,19941
2,David Brown,High,2024-05-26,Shopping,15583
2,David Brown,High,2024-05-26,Entertainment,10809
2,David Brown,High,2024-05-26,Healthcare,9407
2,David Brown,High,2024-05-26,Electronics,11864
2,David Brown,High,2024-05-26,Utilities,12027
2,David Brown,High,2024-05-27,Groceries,11260
2,David Brown,High,2024-05-27,Dining,11828
2,David Brown,High,2024-05-27,Travel,15772
2,David Brown,High,2024-05-27,Shopping,16012
2,David Brown,High,2024-05-27,Entertainment,16439
2,David Brown,High,2024-05-27,Healthcare,15315
2,David Brown,High,2024-05-27,Electronics,19631
2,David Brown,High,2024-05-27,Utilities,8874
2,David Brown,High,2024-05-28,Groceries,15715
2,David Brown,High,2024-05-28,Dining,10123
2,David Brown,High,2024-05-28,Travel,11224
2,David Brown,High,2024-05-28,Shopping,12254
2,David Brown,High,2024-05-28,Entertainment,10198
2,David Brown,High,2024-05-28,Healthcare,17977
2,David Brown,High,2024-05-28,Electronics,14082
2,David Brown,High,2024-05-28,Utilities,17310
2,David Brown,High,2024-05-29,Groceries,8210
2,David Brown,High,2024-05-29,Dining,16218
2,David Brown,High,2024-05-29,Travel,12404
2,David Brown,High,2024-05-29,Shopping,11117
2,David Brown,High,2024-05-29,Entertainment,19453
2,David Brown,High,2024-05-29,Healthcare,12429
2,David Brown,High,2024-05-29,Electronics,15689
2,David Brown,High,2024-05-29,Utilities,19721
2,David Brown,High,2024-05-30,Groceries,17997
2,David Brown,High,2024-05-30,Dining,16885
2,David Brown,High,2024-05-30,Travel,11758
2,David Brown,High,2024-05-30,Shopping,15182
2,David Brown,High,2024-05-30,Entertainment,15916
2,David Brown,High,2024-05-30,Healthcare,7375
2,David Brown,High,2024-05-30,Electronics,14413
2,David Brown,High,2024-05-30,Utilities,11398
2,David Brown,High,2024-05-31,Groceries,17644
2,David Brown,High,2024-05-31,Dining,10859
2,David Brown,High,2024-05-31,Travel,8686
2,David Brown,High,2024-05-31,Shopping,19995
2,David Brown,High,2024-05-31,Entertainment,12012
2,David Brown,High,2024-05-31,Healthcare,7256
2,David Brown,High,2024-05-31,Electronics,19686
2,David Brown,High,2024-05-31,Utilities,10600
2,David Brown,High,2024-06-01,Groceries,7050
2,David Brown,High,2024-06-01,Dining,13590
2,David Brown,High,2024-06-01,Travel,14437
2,David Brown,High,2024-06-01,Shopping,7594
2,David Brown,High,2024-06-01,Entertainment,11731
2,David Brown,High,2024-06-01,Healthcare,10873
2,David Brown,High,2024-06-01,Electronics,18628
2,David Brown,High,2024-06-01,Utilities,16264
2,David Brown,High,2024-06-02,Groceries,12748
2,David Brown,High,2024-06-02,Dining,12237
2,David Brown,High,2024-06-02,Travel,8476
2,David Brown,High,2024-06-02,Shopping,11870
2,David Brown,High,2024-06-02,Entertainment,15032
2,David Brown,High,2024-06-02,Healthcare,10020
2,David Brown,High,2024-06-02,Electronics,13066
2,David Brown,High,2024-06-02,Utilities,15053
2,David Brown,High,2024-06-03,Groceries,16856
2,David Brown,High,2024-06-03,Dining,19684
2,David Brown,High,2024-06-03,Travel,17922
2,David Brown,High,2024-06-03,Shopping,16587
2,David Brown,High,2024-06-03,Entertainment,15066
2,David Brown,High,2024-06-03,Healthcare,19089
2,David Brown,High,2024-06-03,Electronics,15167
2,David Brown,High,2024-06-03,Utilities,19816
2,David Brown,High,2024-06-04,Groceries,11780
2,David Brown,High,2024-06-04,Dining,11045
2,David Brown,High,2024-06-04,Travel,17852
2,David Brown,High,2024-06-04,Shopping,9233
2,David Brown,High,2024-06-04,Entertainment,15117
2,David Brown,High,2024-06-04,Healthcare,18514
2,David Brown,High,2024-06-04,Electronics,13359
2,David Brown,High,2024-06-04,Utilities,11197
2,David Brown,High,2024-06-05,Groceries,19410
2,David Brown,High,2024-06-05,Dining,17293
2,David Brown,High,2024-06-05,Travel,16498
2,David Brown,High,2024-06-05,Shopping,16829
2,David Brown,High,2024-06-05,Entertainment,16332
2,David Brown,High,2024-06-05,Healthcare,7615
2,David Brown,High,2024-06-05,Electronics,19844
2,David Brown,High,2024-06-05,Utilities,19401
2,David Brown,High,2024-06-06,Groceries,8566
2,David Brown,High,2024-06-06,Dining,16168
2,David Brown,High,2024-06-06,Travel,19988
2,David Brown,High,2024-06-06,Shopping,16508
2,David Brown,High,2024-06-06,Entertainment,9339
2,David Brown,High,2024-06-06,Healthcare,19548
2,David Brown,High,2024-06-06,Electronics,15109
2,David Brown,High,2024-06-06,Utilities,14374
2,David Brown,High,2024-06-07,Groceries,13707
2,David Brown,High,2024-06-07,Dining,17288
2,David Brown,High,2024-06-07,Travel,7378
2,David Brown,High,2024-06-07,Shopping,10465
2,David Brown,High,2024-06-07,Entertainment,13005
2,David Brown,High,2024-06-07,Healthcare,9271
2,David Brown,High,2024-06-07,Electronics,16238
2,David Brown,High,2024-06-07,Utilities,8007
2,David Brown,High,2024-06-08,Groceries,13800
2,David Brown,High,2024-06-08,Dining,7109
2,David Brown,High,2024-06-08,Travel,9771
2,David Brown,High,2024-06-08,Shopping,10883
2,David Brown,High,2024-06-08,Entertainment,9600
2,David Brown,High,2024-06-08,Healthcare,12518
2,David Brown,High,2024-06-08,Electronics,10243
2,David Brown,High,2024-06-08,Utilities,8005
2,David Brown,High,2024-06-09,Groceries,19985
2,David Brown,High,2024-06-09,Dining,7305
2,David Brown,High,2024-06-09,Travel,12701
2,David Brown,High,2024-06-09,Shopping,7958
2,David Brown,High,2024-06-09,Entertainment,16145
2,David Brown,High,2024-06-09,Healthcare,12270
2,David Brown,High,2024-06-09,Electronics,14595
2,David Brown,High,2024-06-09,Utilities,17860
2,David Brown,High,2024-06-10,Groceries,10538
2,David Brown,High,2024-06-10,Dining,17869
2,David Brown,High,2024-06-10,Travel,14020
2,David Brown,High,2024-06-10,Shopping,8630
2,David Brown,High,2024-06-10,Entertainment,16983
2,David Brown,High,2024-06-10,Healthcare,9603
2,David Brown,High,2024-06-10,Electronics,17163
2,David Brown,High,2024-06-10,Utilities,15258
2,David Brown,High,2024-06-11,Groceries,16026
2,David Brown,High,2024-06-11,Dining,7205
2,David Brown,High,2024-06-11,Travel,18025
2,David Brown,High,2024-06-11,Shopping,19442
2,David Brown,High,2024-06-11,Entertainment,16906
2,David Brown,High,2024-06-11,Healthcare,16724
2,David Brown,High,2024-06-11,Electronics,12691
2,David Brown,High,2024-06-11,Utilities,13141
2,David Brown,High,2024-06-12,Groceries,10145
2,David Brown,High,2024-06-12,Dining,10120
2,David Brown,High,2024-06-12,Travel,13728
2,David Brown,High,2024-06-12,Shopping,15899
2,David Brown,High,2024-06-12,Entertainment,13030
2,David Brown,High,2024-06-12,Healthcare,7178
2,David Brown,High,2024-06-12,Electronics,12167
2,David Brown,High,2024-06-12,Utilities,7112
2,David Brown,High,2024-06-13,Groceries,15948
2,David Brown,High,2024-06-13,Dining,16088
2,David Brown,High,2024-06-13,Travel,18060
2,David Brown,High,2024-06-13,Shopping,15350
2,David Brown,High,2024-06-13,Entertainment,15977
2,David Brown,High,2024-06-13,Healthcare,8803
2,David Brown,High,2024-06-13,Electronics,17031
2,David Brown,High,2024-06-13,Utilities,18360
2,David Brown,High,2024-06-14,Groceries,9298
2,David Brown,High,2024-06-14,Dining,19270
2,David Brown,High,2024-06-14,Travel,8542
2,David Brown,High,2024-06-14,Shopping,14259
2,David Brown,High,2024-06-14,Entertainment,19400
2,David Brown,High,2024-06-14,Healthcare,19546
2,David Brown,High,2024-06-14,Electronics,9154
2,David Brown,High,2024-06-14,Utilities,15766
2,David Brown,High,2024-06-15,Groceries,18230
2,David Brown,High,2024-06-15,Dining,8381
2,David Brown,High,2024-06-15,Travel,12902
2,David Brown,High,2024-06-15,Shopping,8222
2,David Brown,High,2024-06-15,Entertainment,17666
2,David Brown,High,2024-06-15,Healthcare,8501
2,David Brown,High,2024-06-15,Electronics,16050
2,David Brown,High,2024-06-15,Utilities,10574
2,David Brown,High,2024-06-16,Groceries,10729
2,David Brown,High,2024-06-16,Dining,18157
2,David Brown,High,2024-06-16,Travel,14740
2,David Brown,High,2024-06-16,Shopping,10191
2,David Brown,High,2024-06-16,Entertainment,16788
2,David Brown,High,2024-06-16,Healthcare,14476
2,David Brown,High,2024-06-16,Electronics,8561
2,David Brown,High,2024-06-16,Utilities,9522
2,David Brown,High,2024-06-17,Groceries,17791
2,David Brown,High,2024-06-17,Dining,9391
2,David Brown,High,2024-06-17,Travel,9675
2,David Brown,High,2024-06-17,Shopping,9183
2,David Brown,High,2024-06-17,Entertainment,15468
2,David Brown,High,2024-06-17,Healthcare,19074
2,David Brown,High,2024-06-17,Electronics,18796
2,David Brown,High,2024-06-17,Utilities,15066
2,David Brown,High,2024-06-18,Groceries,9078
2,David Brown,High,2024-06-18,Dining,11342
2,David Brown,High,2024-06-18,Travel,19698
2,David Brown,High,2024-06-18,Shopping,19269
2,David Brown,High,2024-06-18,Entertainment,19360
2,David Brown,High,2024-06-18,Healthcare,8120
2,David Brown,High,2024-06-18,Electronics,19960
2,David Brown,High,2024-06-18,Utilities,17715
2,David Brown,High,2024-06-19,Groceries,12419
2,David Brown,High,2024-06-19,Dining,10370
2,David Brown,High,2024-06-19,Travel,19574
2,David Brown,High,2024-06-19,Shopping,8908
2,David Brown,High,2024-06-19,Entertainment,10520
2,David Brown,High,2024-06-19,Healthcare,11307
2,David Brown,High,2024-06-19,Electronics,11496
2,David Brown,High,2024-06-19,Utilities,11750
2,David Brown,High,2024-06-20,Groceries,18297
2,David Brown,High,2024-06-20,Dining,7497
2,David Brown,High,2024-06-20,Travel,13991
2,David Brown,High,2024-06-20,Shopping,10587
2,David Brown,High,2024-06-20,Entertainment,19385
2,David Brown,High,2024-06-20,Healthcare,9413
2,David Brown,High,2024-06-20,Electronics,10800
2,David Brown,High,2024-06-20,Utilities,15654
2,David Brown,High,2024-06-21,Groceries,13171
2,David Brown,High,2024-06-21,Dining,17952
2,David Brown,High,2024-06-21,Travel,10457
2,David Brown,High,2024-06-21,Shopping,15464
2,David Brown,High,2024-06-21,Entertainment,13969
2,David Brown,High,2024-06-21,Healthcare,8150
2,David Brown,High,2024-06-21,Electronics,14454
2,David Brown,High,2024-06-21,Utilities,12207
2,David Brown,High,2024-06-22,Groceries,18581
2,David Brown,High,2024-06-22,Dining,7018
2,David Brown,High,2024-06-22,Travel,16808
2,David Brown,High,2024-06-22,Shopping,10178
2,David Brown,High,2024-06-22,Entertainment,12577
2,David Brown,High,2024-06-22,Healthcare,11081
2,David Brown,High,2024-06-22,Electronics,13454
2,David Brown,High,2024-06-22,Utilities,15603
2,David Brown,High,2024-06-23,Groceries,15933
2,David Brown,High,2024-06-23,Dining,9671
2,David Brown,High,2024-06-23,Travel,17971
2,David Brown,High,2024-06-23,Shopping,13387
2,David Brown,High,2024-06-23,Entertainment,13833
2,David Brown,High,2024-06-23,Healthcare,9624
2,David Brown,High,2024-06-23,Electronics,12499
2,David Brown,High,2024-06-23,Utilities,7514
2,David Brown,High,2024-06-24,Groceries,7206
2,David Brown,High,2024-06-24,Dining,7947
2,David Brown,High,2024-06-24,Travel,17633
2,David Brown,High,2024-06-24,Shopping,8828
2,David Brown,High,2024-06-24,Entertainment,18790
2,David Brown,High,2024-06-24,Healthcare,13861
2,David Brown,High,2024-06-24,Electronics,13094
2,David Brown,High,2024-06-24,Utilities,13345
2,David Brown,High,2024-06-25,Groceries,9167
2,David Brown,High,2024-06-25,Dining,14979
2,David Brown,High,2024-06-25,Travel,12926
2,David Brown,High,2024-06-25,Shopping,13532
2,David Brown,High,2024-06-25,Entertainment,12656
2,David Brown,High,2024-06-25,Healthcare,12943
2,David Brown,High,2024-06-25,Electronics,16848
2,David Brown,High,2024-06-25,Utilities,15793
2,David Brown,High,2024-06-26,Groceries,12439
2,David Brown,High,2024-06-26,Dining,15903
2,David Brown,High,2024-06-26,Travel,8203
2,David Brown,High,2024-06-26,Shopping,14000
2,David Brown,High,2024-06-26,Entertainment,16583
2,David Brown,High,2024-06-26,Healthcare,17888
2,David Brown,High,2024-06-26,Electronics,13639
2,David Brown,High,2024-06-26,Utilities,14689
2,David Brown,High,2024-06-27,Groceries,18464
2,David Brown,High,2024-06-27,Dining,14513
2,David Brown,High,2024-06-27,Travel,13626
2,David Brown,High,2024-06-27,Shopping,14386
2,David Brown,High,2024-06-27,Entertainment,10131
2,David Brown,High,2024-06-27,Healthcare,14134
2,David Brown,High,2024-06-27,Electronics,10730
2,David Brown,High,2024-06-27,Utilities,9666
2,David Brown,High,2024-06-28,Groceries,7549
2,David Brown,High,2024-06-28,Dining,11741
2,David Brown,High,2024-06-28,Travel,19174
2,David Brown,High,2024-06-28,Shopping,8244
2,David Brown,High,2024-06-28,Entertainment,19078
2,David Brown,High,2024-06-28,Healthcare,11012
2,David Brown,High,2024-06-28,Electronics,17741
2,David Brown,High,2024-06-28,Utilities,18396
2,David Brown,High,2024-06-29,Groceries,16037
2,David Brown,High,2024-06-29,Dining,13196
2,David Brown,High,2024-06-29,Travel,11545
2,David Brown,High,2024-06-29,Shopping,13205
2,David Brown,High,2024-06-29,Entertainment,14190
2,David Brown,High,2024-06-29,Healthcare,15235
2,David Brown,High,2024-06-29,Electronics,7658
2,David Brown,High,2024-06-29,Utilities,13995
2,David Brown,High,2024-06-30,Groceries,19122
2,David Brown,High,2024-06-30,Dining,18059
2,David Brown,High,2024-06-30,Travel,12776
2,David Brown,High,2024-06-30,Shopping,12293
2,David Brown,High,2024-06-30,Entertainment,18839
2,David Brown,High,2024-06-30,Healthcare,17974
2,David Brown,High,2024-06-30,Electronics,8691
2,David Brown,High,2024-06-30,Utilities,17417
2,David Brown,High,2024-07-01,Groceries,18258
2,David Brown,High,2024-07-01,Dining,17139
2,David Brown,High,2024-07-01,Travel,16557
2,David Brown,High,2024-07-01,Shopping,14735
2,David Brown,High,2024-07-01,Entertainment,10130
2,David Brown,High,2024-07-01,Healthcare,14044
2,David Brown,High,2024-07-01,Electronics,11533
2,David Brown,High,2024-07-01,Utilities,12547
2,David Brown,High,2024-07-02,Groceries,19713
2,David Brown,High,2024-07-02,Dining,7967
2,David Brown,High,2024-07-02,Travel,8404
2,David Brown,High,2024-07-02,Shopping,15677
2,David Brown,High,2024-07-02,Entertainment,16947
2,David Brown,High,2024-07-02,Healthcare,10630
2,David Brown,High,2024-07-02,Electronics,9968
2,David Brown,High,2024-07-02,Utilities,14269
2,David Brown,High,2024-07-03,Groceries,8579
2,David Brown,High,2024-07-03,Dining,17987
2,David Brown,High,2024-07-03,Travel,12992
2,David Brown,High,2024-07-03,Shopping,7050
2,David Brown,High,2024-07-03,Entertainment,13452
2,David Brown,High,2024-07-03,Healthcare,12153
2,David Brown,High,2024-07-03,Electronics,16851
2,David Brown,High,2024-07-03,Utilities,13023
2,David Brown,High,2024-07-04,Groceries,11300
2,David Brown,High,2024-07-04,Dining,9787
2,David Brown,High,2024-07-04,Travel,19820
2,David Brown,High,2024-07-04,Shopping,9155
2,David Brown,High,2024-07-04,Entertainment,14019
2,David Brown,High,2024-07-04,Healthcare,12360
2,David Brown,High,2024-07-04,Electronics,19538
2,David Brown,High,2024-07-04,Utilities,11230
2,David Brown,High,2024-07-05,Groceries,18353
2,David Brown,High,2024-07-05,Dining,16806
2,David Brown,High,2024-07-05,Travel,14607
2,David Brown,High,2024-07-05,Shopping,17928
2,David Brown,High,2024-07-05,Entertainment,15598
2,David Brown,High,2024-07-05,Healthcare,18571
2,David Brown,High,2024-07-05,Electronics,11197
2,David Brown,High,2024-07-05,Utilities,16576
2,David Brown,High,2024-07-06,Groceries,18887
2,David Brown,High,2024-07-06,Dining,12412
2,David Brown,High,2024-07-06,Travel,11499
2,David Brown,High,2024-07-06,Shopping,11909
2,David Brown,High,2024-07-06,Entertainment,14169
2,David Brown,High,2024-07-06,Healthcare,18094
2,David Brown,High,2024-07-06,Electronics,16821
2,David Brown,High,2024-07-06,Utilities,10262
2,David Brown,High,2024-07-07,Groceries,16218
2,David Brown,High,2024-07-07,Dining,9989
2,David Brown,High,2024-07-07,Travel,14654
2,David Brown,High,2024-07-07,Shopping,9224
2,David Brown,High,2024-07-07,Entertainment,12376
2,David Brown,High,2024-07-07,Healthcare,9920
2,David Brown,High,2024-07-07,Electronics,14701
2,David Brown,High,2024-07-07,Utilities,13541
2,David Brown,High,2024-07-08,Groceries,12615
2,David Brown,High,2024-07-08,Dining,11315
2,David Brown,High,2024-07-08,Travel,13100
2,David Brown,High,2024-07-08,Shopping,19460
2,David Brown,High,2024-07-08,Entertainment,9783
2,David Brown,High,2024-07-08,Healthcare,16605
2,David Brown,High,2024-07-08,Electronics,19789
2,David Brown,High,2024-07-08,Utilities,18840
2,David Brown,High,2024-07-09,Groceries,9808
2,David Brown,High,2024-07-09,Dining,10331
2,David Brown,High,2024-07-09,Travel,9178
2,David Brown,High,2024-07-09,Shopping,7797
2,David Brown,High,2024-07-09,Entertainment,9846
2,David Brown,High,2024-07-09,Healthcare,7929
2,David Brown,High,2024-07-09,Electronics,11818
2,David Brown,High,2024-07-09,Utilities,10091
2,David Brown,High,2024-07-10,Groceries,9262
2,David Brown,High,2024-07-10,Dining,16525
2,David Brown,High,2024-07-10,Travel,16466
2,David Brown,High,2024-07-10,Shopping,19775
2,David Brown,High,2024-07-10,Entertainment,14549
2,David Brown,High,2024-07-10,Healthcare,10480
2,David Brown,High,2024-07-10,Electronics,10342
2,David Brown,High,2024-07-10,Utilities,13053
2,David Brown,High,2024-07-11,Groceries,14574
2,David Brown,High,2024-07-11,Dining,14859
2,David Brown,High,2024-07-11,Travel,16409
2,David Brown,High,2024-07-11,Shopping,16656
2,David Brown,High,2024-07-11,Entertainment,19600
2,David Brown,High,2024-07-11,Healthcare,11174
2,David Brown,High,2024-07-11,Electronics,14147
2,David Brown,High,2024-07-11,Utilities,11770
2,David Brown,High,2024-07-12,Groceries,12833
2,David Brown,High,2024-07-12,Dining,15205
2,David Brown,High,2024-07-12,Travel,14002
2,David Brown,High,2024-07-12,Shopping,9293
2,David Brown,High,2024-07-12,Entertainment,9045
2,David Brown,High,2024-07-12,Healthcare,8037
2,David Brown,High,2024-07-12,Electronics,13242
2,David Brown,High,2024-07-12,Utilities,19320
2,David Brown,High,2024-07-13,Groceries,16651
2,David Brown,High,2024-07-13,Dining,15448
2,David Brown,High,2024-07-13,Travel,19321
2,David Brown,High,2024-07-13,Shopping,13162
2,David Brown,High,2024-07-13,Entertainment,11073
2,David Brown,High,2024-07-13,Healthcare,8283
2,David Brown,High,2024-07-13,Electronics,13732
2,David Brown,High,2024-07-13,Utilities,12945
2,David Brown,High,2024-07-14,Groceries,10487
2,David Brown,High,2024-07-14,Dining,9184
2,David Brown,High,2024-07-14,Travel,15550
2,David Brown,High,2024-07-14,Shopping,18983
2,David Brown,High,2024-07-14,Entertainment,10187
2,David Brown,High,2024-07-14,Healthcare,19691
2,David Brown,High,2024-07-14,Electronics,16417
2,David Brown,High,2024-07-14,Utilities,12495
2,David Brown,High,2024-07-15,Groceries,9297
2,David Brown,High,2024-07-15,Dining,14097
2,David Brown,High,2024-07-15,Travel,15469
2,David Brown,High,2024-07-15,Shopping,19399
2,David Brown,High,2024-07-15,Entertainment,17178
2,David Brown,High,2024-07-15,Healthcare,10544
2,David Brown,High,2024-07-15,Electronics,17985
2,David Brown,High,2024-07-15,Utilities,13831
2,David Brown,High,2024-07-16,Groceries,7391
2,David Brown,High,2024-07-16,Dining,7968
2,David Brown,High,2024-07-16,Travel,17382
2,David Brown,High,2024-07-16,Shopping,12151
2,David Brown,High,2024-07-16,Entertainment,17420
2,David Brown,High,2024-07-16,Healthcare,17818
2,David Brown,High,2024-07-16,Electronics,18037
2,David Brown,High,2024-07-16,Utilities,11364
2,David Brown,High,2024-07-17,Groceries,10307
2,David Brown,High,2024-07-17,Dining,17792
2,David Brown,High,2024-07-17,Travel,17872
2,David Brown,High,2024-07-17,Shopping,13125
2,David Brown,High,2024-07-17,Entertainment,11370
2,David Brown,High,2024-07-17,Healthcare,11838
2,David Brown,High,2024-07-17,Electronics,15277
2,David Brown,High,2024-07-17,Utilities,10134
2,David Brown,High,2024-07-18,Groceries,19691
2,David Brown,High,2024-07-18,Dining,17431
2,David Brown,High,2024-07-18,Travel,18556
2,David Brown,High,2024-07-18,Shopping,17237
2,David Brown,High,2024-07-18,Entertainment,8054
2,David Brown,High,2024-07-18,Healthcare,18593
2,David Brown,High,2024-07-18,Electronics,10729
2,David Brown,High,2024-07-18,Utilities,9669
2,David Brown,High,2024-07-19,Groceries,7275
2,David Brown,High,2024-07-19,Dining,19938
2,David Brown,High,2024-07-19,Travel,12717
2,David Brown,High,2024-07-19,Shopping,19282
2,David Brown,High,2024-07-19,Entertainment,16297
2,David Brown,High,2024-07-19,Healthcare,15022
2,David Brown,High,2024-07-19,Electronics,15000
2,David Brown,High,2024-07-19,Utilities,19873
2,David Brown,High,2024-07-20,Groceries,18124
2,David Brown,High,2024-07-20,Dining,7128
2,David Brown,High,2024-07-20,Travel,19543
2,David Brown,High,2024-07-20,Shopping,14077
2,David Brown,High,2024-07-20,Entertainment,11326
2,David Brown,High,2024-07-20,Healthcare,10568
2,David Brown,High,2024-07-20,Electronics,14622
2,David Brown,High,2024-07-20,Utilities,15080
2,David Brown,High,2024-07-21,Groceries,9402
2,David Brown,High,2024-07-21,Dining,8647
2,David Brown,High,2024-07-21,Travel,10556
2,David Brown,High,2024-07-21,Shopping,19083
2,David Brown,High,2024-07-21,Entertainment,9193
2,David Brown,High,2024-07-21,Healthcare,17239
2,David Brown,High,2024-07-21,Electronics,10104
2,David Brown,High,2024-07-21,Utilities,11355
2,David Brown,High,2024-07-22,Groceries,9134
2,David Brown,High,2024-07-22,Dining,16034
2,David Brown,High,2024-07-22,Travel,17163
2,David Brown,High,2024-07-22,Shopping,19552
2,David Brown,High,2024-07-22,Entertainment,10903
2,David Brown,High,2024-07-22,Healthcare,10613
2,David Brown,High,2024-07-22,Electronics,15583
2,David Brown,High,2024-07-22,Utilities,9279
2,David Brown,High,2024-07-23,Groceries,16092
2,David Brown,High,2024-07-23,Dining,19875
2,David Brown,High,2024-07-23,Travel,17686
2,David Brown,High,2024-07-23,Shopping,8152
2,David Brown,High,2024-07-23,Entertainment,8294
2,David Brown,High,2024-07-23,Healthcare,15657
2,David Brown,High,2024-07-23,Electronics,12289
2,David Brown,High,2024-07-23,Utilities,17367
2,David Brown,High,2024-07-24,Groceries,10245
2,David Brown,High,2024-07-24,Dining,13068
2,David Brown,High,2024-07-24,Travel,13716
2,David Brown,High,2024-07-24,Shopping,13654
2,David Brown,High,2024-07-24,Entertainment,15679
2,David Brown,High,2024-07-24,Healthcare,9938
2,David Brown,High,2024-07-24,Electronics,9626
2,David Brown,High,2024-07-24,Utilities,7949
2,David Brown,High,2024-07-25,Groceries,19693
2,David Brown,High,2024-07-25,Dining,16241
2,David Brown,High,2024-07-25,Travel,11075
2,David Brown,High,2024-07-25,Shopping,19651
2,David Brown,High,2024-07-25,Entertainment,16582
2,David Brown,High,2024-07-25,Healthcare,16275
2,David Brown,High,2024-07-25,Electronics,19838
2,David Brown,High,2024-07-25,Utilities,8658
2,David Brown,High,2024-07-26,Groceries,19579
2,David Brown,High,2024-07-26,Dining,13932
2,David Brown,High,2024-07-26,Travel,15053
2,David Brown,High,2024-07-26,Shopping,13959
2,David Brown,High,2024-07-26,Entertainment,8817
2,David Brown,High,2024-07-26,Healthcare,15382
2,David Brown,High,2024-07-26,Electronics,7460
2,David Brown,High,2024-07-26,Utilities,14971
2,David Brown,High,2024-07-27,Groceries,13015
2,David Brown,High,2024-07-27,Dining,13376
2,David Brown,High,2024-07-27,Travel,9521
2,David Brown,High,2024-07-27,Shopping,10476
2,David Brown,High,2024-07-27,Entertainment,9705
2,David Brown,High,2024-07-27,Healthcare,11366
2,David Brown,High,2024-07-27,Electronics,16349
2,David Brown,High,2024-07-27,Utilities,19458
2,David Brown,High,2024-07-28,Groceries,7027
2,David Brown,High,2024-07-28,Dining,11231
2,David Brown,High,2024-07-28,Travel,18164
2,David Brown,High,2024-07-28,Shopping,13548
2,David Brown,High,2024-07-28,Entertainment,10024
2,David Brown,High,2024-07-28,Healthcare,8264
2,David Brown,High,2024-07-28,Electronics,16047
2,David Brown,High,2024-07-28,Utilities,19217
2,David Brown,High,2024-07-29,Groceries,13587
2,David Brown,High,2024-07-29,Dining,13577
2,David Brown,High,2024-07-29,Travel,8251
2,David Brown,High,2024-07-29,Shopping,19796
2,David Brown,High,2024-07-29,Entertainment,10870
2,David Brown,High,2024-07-29,Healthcare,8326
2,David Brown,High,2024-07-29,Electronics,13177
2,David Brown,High,2024-07-29,Utilities,16217
2,David Brown,High,2024-07-30,Groceries,7361
2,David Brown,High,2024-07-30,Dining,8218
2,David Brown,High,2024-07-30,Travel,7605
2,David Brown,High,2024-07-30,Shopping,12959
2,David Brown,High,2024-07-30,Entertainment,8670
2,David Brown,High,2024-07-30,Healthcare,17489
2,David Brown,High,2024-07-30,Electronics,17386
2,David Brown,High,2024-07-30,Utilities,11443
2,David Brown,High,2024-07-31,Groceries,8277
2,David Brown,High,2024-07-31,Dining,7398
2,David Brown,High,2024-07-31,Travel,9172
2,David Brown,High,2024-07-31,Shopping,9810
2,David Brown,High,2024-07-31,Entertainment,13274
2,David Brown,High,2024-07-31,Healthcare,12681
2,David Brown,High,2024-07-31,Electronics,17844
2,David Brown,High,2024-07-31,Utilities,9939
2,David Brown,High,2024-08-01,Groceries,16013
2,David Brown,High,2024-08-01,Dining,7944
2,David Brown,High,2024-08-01,Travel,18670
2,David Brown,High,2024-08-01,Shopping,17971
2,David Brown,High,2024-08-01,Entertainment,12965
2,David Brown,High,2024-08-01,Healthcare,19621
2,David Brown,High,2024-08-01,Electronics,13348
2,David Brown,High,2024-08-01,Utilities,14770
2,David Brown,High,2024-08-02,Groceries,14099
2,David Brown,High,2024-08-02,Dining,19642
2,David Brown,High,2024-08-02,Travel,8196
2,David Brown,High,2024-08-02,Shopping,8212
2,David Brown,High,2024-08-02,Entertainment,7823
2,David Brown,High,2024-08-02,Healthcare,17088
2,David Brown,High,2024-08-02,Electronics,14084
2,David Brown,High,2024-08-02,Utilities,19455
2,David Brown,High,2024-08-03,Groceries,17607
2,David Brown,High,2024-08-03,Dining,7535
2,David Brown,High,2024-08-03,Travel,10010
2,David Brown,High,2024-08-03,Shopping,17819
2,David Brown,High,2024-08-03,Entertainment,14537
2,David Brown,High,2024-08-03,Healthcare,18969
2,David Brown,High,2024-08-03,Electronics,7949
2,David Brown,High,2024-08-03,Utilities,18700
2,David Brown,High,2024-08-04,Groceries,19494
2,David Brown,High,2024-08-04,Dining,7543
2,David Brown,High,2024-08-04,Travel,10900
2,David Brown,High,2024-08-04,Shopping,18945
2,David Brown,High,2024-08-04,Entertainment,11224
2,David Brown,High,2024-08-04,Healthcare,17274
2,David Brown,High,2024-08-04,Electronics,9866
2,David Brown,High,2024-08-04,Utilities,9246
2,David Brown,High,2024-08-05,Groceries,8836
2,David Brown,High,2024-08-05,Dining,15268
2,David Brown,High,2024-08-05,Travel,15560
2,David Brown,High,2024-08-05,Shopping,13976
2,David Brown,High,2024-08-05,Entertainment,19813
2,David Brown,High,2024-08-05,Healthcare,7348
2,David Brown,High,2024-08-05,Electronics,11601
2,David Brown,High,2024-08-05,Utilities,19930
2,David Brown,High,2024-08-06,Groceries,11333
2,David Brown,High,2024-08-06,Dining,12399
2,David Brown,High,2024-08-06,Travel,12696
2,David Brown,High,2024-08-06,Shopping,8455
2,David Brown,High,2024-08-06,Entertainment,9185
2,David Brown,High,2024-08-06,Healthcare,14436
2,David Brown,High,2024-08-06,Electronics,10811
2,David Brown,High,2024-08-06,Utilities,18464
2,David Brown,High,2024-08-07,Groceries,14309
2,David Brown,High,2024-08-07,Dining,15086
2,David Brown,High,2024-08-07,Travel,10682
2,David Brown,High,2024-08-07,Shopping,8846
2,David Brown,High,2024-08-07,Entertainment,8854
2,David Brown,High,2024-08-07,Healthcare,9985
2,David Brown,High,2024-08-07,Electronics,19642
2,David Brown,High,2024-08-07,Utilities,17817
2,David Brown,High,2024-08-08,Groceries,9894
2,David Brown,High,2024-08-08,Dining,14496
2,David Brown,High,2024-08-08,Travel,7558
2,David Brown,High,2024-08-08,Shopping,9896
2,David Brown,High,2024-08-08,Entertainment,17109
2,David Brown,High,2024-08-08,Healthcare,8254
2,David Brown,High,2024-08-08,Electronics,8681
2,David Brown,High,2024-08-08,Utilities,12271
2,David Brown,High,2024-08-09,Groceries,17006
2,David Brown,High,2024-08-09,Dining,13283
2,David Brown,High,2024-08-09,Travel,15854
2,David Brown,High,2024-08-09,Shopping,19308
2,David Brown,High,2024-08-09,Entertainment,10325
2,David Brown,High,2024-08-09,Healthcare,8241
2,David Brown,High,2024-08-09,Electronics,10143
2,David Brown,High,2024-08-09,Utilities,10037
2,David Brown,High,2024-08-10,Groceries,15353
2,David Brown,High,2024-08-10,Dining,19417
2,David Brown,High,2024-08-10,Travel,17142
2,David Brown,High,2024-08-10,Shopping,19512
2,David Brown,High,2024-08-10,Entertainment,8781
2,David Brown,High,2024-08-10,Healthcare,11675
2,David Brown,High,2024-08-10,Electronics,8477
2,David Brown,High,2024-08-10,Utilities,18222
2,David Brown,High,2024-08-11,Groceries,14148
2,David Brown,High,2024-08-11,Dining,19178
2,David Brown,High,2024-08-11,Travel,14551
2,David Brown,High,2024-08-11,Shopping,7106
2,David Brown,High,2024-08-11,Entertainment,9668
2,David Brown,High,2024-08-11,Healthcare,11935
2,David Brown,High,2024-08-11,Electronics,14270
2,David Brown,High,2024-08-11,Utilities,8164
2,David Brown,High,2024-08-12,Groceries,8157
2,David Brown,High,2024-08-12,Dining,9246
2,David Brown,High,2024-08-12,Travel,13653
2,David Brown,High,2024-08-12,Shopping,15858
2,David Brown,High,2024-08-12,Entertainment,17318
2,David Brown,High,2024-08-12,Healthcare,18133
2,David Brown,High,2024-08-12,Electronics,14649
2,David Brown,High,2024-08-12,Utilities,7511
2,David Brown,High,2024-08-13,Groceries,15441
2,David Brown,High,2024-08-13,Dining,7888
2,David Brown,High,2024-08-13,Travel,16215
2,David Brown,High,2024-08-13,Shopping,19886
2,David Brown,High,2024-08-13,Entertainment,14983
2,David Brown,High,2024-08-13,Healthcare,15791
2,David Brown,High,2024-08-13,Electronics,10022
2,David Brown,High,2024-08-13,Utilities,9530
2,David Brown,High,2024-08-14,Groceries,18075
2,David Brown,High,2024-08-14,Dining,13315
2,David Brown,High,2024-08-14,Travel,9064
2,David Brown,High,2024-08-14,Shopping,16950
2,David Brown,High,2024-08-14,Entertainment,12413
2,David Brown,High,2024-08-14,Healthcare,13537
2,David Brown,High,2024-08-14,Electronics,10569
2,David Brown,High,2024-08-14,Utilities,8242
2,David Brown,High,2024-08-15,Groceries,11329
2,David Brown,High,2024-08-15,Dining,17487
2,David Brown,High,2024-08-15,Travel,8925
2,David Brown,High,2024-08-15,Shopping,17254
2,David Brown,High,2024-08-15,Entertainment,10395
2,David Brown,High,2024-08-15,Healthcare,7440
2,David Brown,High,2024-08-15,Electronics,12231
2,David Brown,High,2024-08-15,Utilities,15181
2,David Brown,High,2024-08-16,Groceries,9743
2,David Brown,High,2024-08-16,Dining,15039
2,David Brown,High,2024-08-16,Travel,15198
2,David Brown,High,2024-08-16,Shopping,8586
2,David Brown,High,2024-08-16,Entertainment,7825
2,David Brown,High,2024-08-16,Healthcare,10824
2,David Brown,High,2024-08-16,Electronics,8268
2,David Brown,High,2024-08-16,Utilities,14615
2,David Brown,High,2024-08-17,Groceries,10436
2,David Brown,High,2024-08-17,Dining,18630
2,David Brown,High,2024-08-17,Travel,15089
2,David Brown,High,2024-08-17,Shopping,8310
2,David Brown,High,2024-08-17,Entertainment,19225
2,David Brown,High,2024-08-17,Healthcare,16819
2,David Brown,High,2024-08-17,Electronics,16228
2,David Brown,High,2024-08-17,Utilities,7477
2,David Brown,High,2024-08-18,Groceries,17870
2,David Brown,High,2024-08-18,Dining,15906
2,David Brown,High,2024-08-18,Travel,16868
2,David Brown,High,2024-08-18,Shopping,9162
2,David Brown,High,2024-08-18,Entertainment,7508
2,David Brown,High,2024-08-18,Healthcare,14319
2,David Brown,High,2024-08-18,Electronics,7381
2,David Brown,High,2024-08-18,Utilities,16372
2,David Brown,High,2024-08-19,Groceries,8845
2,David Brown,High,2024-08-19,Dining,14300
2,David Brown,High,2024-08-19,Travel,19562
2,David Brown,High,2024-08-19,Shopping,16910
2,David Brown,High,2024-08-19,Entertainment,16292
2,David Brown,High,2024-08-19,Healthcare,17052
2,David Brown,High,2024-08-19,Electronics,17283
2,David Brown,High,2024-08-19,Utilities,15909
2,David Brown,High,2024-08-20,Groceries,14717
2,David Brown,High,2024-08-20,Dining,15509
2,David Brown,High,2024-08-20,Travel,11629
2,David Brown,High,2024-08-20,Shopping,12704
2,David Brown,High,2024-08-20,Entertainment,8776
2,David Brown,High,2024-08-20,Healthcare,15103
2,David Brown,High,2024-08-20,Electronics,9284
2,David Brown,High,2024-08-20,Utilities,8244
2,David Brown,High,2024-08-21,Groceries,8333
2,David Brown,High,2024-08-21,Dining,10669
2,David Brown,High,2024-08-21,Travel,8200
2,David Brown,High,2024-08-21,Shopping,8794
2,David Brown,High,2024-08-21,Entertainment,13181
2,David Brown,High,2024-08-21,Healthcare,17893
2,David Brown,High,2024-08-21,Electronics,8454
2,David Brown,High,2024-08-21,Utilities,8933
2,David Brown,High,2024-08-22,Groceries,7746
2,David Brown,High,2024-08-22,Dining,14370
2,David Brown,High,2024-08-22,Travel,16032
2,David Brown,High,2024-08-22,Shopping,14973
2,David Brown,High,2024-08-22,Entertainment,17687
2,David Brown,High,2024-08-22,Healthcare,13827
2,David Brown,High,2024-08-22,Electronics,16280
2,David Brown,High,2024-08-22,Utilities,7792
2,David Brown,High,2024-08-23,Groceries,13927
2,David Brown,High,2024-08-23,Dining,8267
2,David Brown,High,2024-08-23,Travel,16742
2,David Brown,High,2024-08-23,Shopping,13369
2,David Brown,High,2024-08-23,Entertainment,9690
2,David Brown,High,2024-08-23,Healthcare,14874
2,David Brown,High,2024-08-23,Electronics,7292
2,David Brown,High,2024-08-23,Utilities,13864
2,David Brown,High,2024-08-24,Groceries,11022
2,David Brown,High,2024-08-24,Dining,16596
2,David Brown,High,2024-08-24,Travel,8648
2,David Brown,High,2024-08-24,Shopping,18008
2,David Brown,High,2024-08-24,Entertainment,19102
2,David Brown,High,2024-08-24,Healthcare,18110
2,David Brown,High,2024-08-24,Electronics,12171
2,David Brown,High,2024-08-24,Utilities,16589
2,David Brown,High,2024-08-25,Groceries,8693
2,David Brown,High,2024-08-25,Dining,13710
2,David Brown,High,2024-08-25,Travel,8037
2,David Brown,High,2024-08-25,Shopping,10852
2,David Brown,High,2024-08-25,Entertainment,12459
2,David Brown,High,2024-08-25,Healthcare,16754
2,David Brown,High,2024-08-25,Electronics,16304
2,David Brown,High,2024-08-25,Utilities,14048
2,David Brown,High,2024-08-26,Groceries,13184
2,David Brown,High,2024-08-26,Dining,16483
2,David Brown,High,2024-08-26,Travel,8161
2,David Brown,High,2024-08-26,Shopping,8029
2,David Brown,High,2024-08-26,Entertainment,19529
2,David Brown,High,2024-08-26,Healthcare,19449
2,David Brown,High,2024-08-26,Electronics,17931
2,David Brown,High,2024-08-26,Utilities,7978
2,David Brown,High,2024-08-27,Groceries,15709
2,David Brown,High,2024-08-27,Dining,15974
2,David Brown,High,2024-08-27,Travel,18023
2,David Brown,High,2024-08-27,Shopping,19372
2,David Brown,High,2024-08-27,Entertainment,12129
2,David Brown,High,2024-08-27,Healthcare,7137
2,David Brown,High,2024-08-27,Electronics,15945
2,David Brown,High,2024-08-27,Utilities,18145
2,David Brown,High,2024-08-28,Groceries,11808
2,David Brown,High,2024-08-28,Dining,9455
2,David Brown,High,2024-08-28,Travel,18026
2,David Brown,High,2024-08-28,Shopping,14392
2,David Brown,High,2024-08-28,Entertainment,15771
2,David Brown,High,2024-08-28,Healthcare,18447
2,David Brown,High,2024-08-28,Electronics,10266
2,David Brown,High,2024-08-28,Utilities,11649
2,David Brown,High,2024-08-29,Groceries,15587
2,David Brown,High,2024-08-29,Dining,17129
2,David Brown,High,2024-08-29,Travel,12253
2,David Brown,High,2024-08-29,Shopping,12428
2,David Brown,High,2024-08-29,Entertainment,12985
2,David Brown,High,2024-08-29,Healthcare,9589
2,David Brown,High,2024-08-29,Electronics,14176
2,David Brown,High,2024-08-29,Utilities,10034
2,David Brown,High,2024-08-30,Groceries,7169
2,David Brown,High,2024-08-30,Dining,17529
2,David Brown,High,2024-08-30,Travel,10239
2,David Brown,High,2024-08-30,Shopping,10415
2,David Brown,High,2024-08-30,Entertainment,10568
2,David Brown,High,2024-08-30,Healthcare,18408
2,David Brown,High,2024-08-30,Electronics,10484
2,David Brown,High,2024-08-30,Utilities,11835
2,David Brown,High,2024-08-31,Groceries,8841
2,David Brown,High,2024-08-31,Dining,13878
2,David Brown,High,2024-08-31,Travel,18952
2,David Brown,High,2024-08-31,Shopping,11552
2,David Brown,High,2024-08-31,Entertainment,13844
2,David Brown,High,2024-08-31,Healthcare,10026
2,David Brown,High,2024-08-31,Electronics,13189
2,David Brown,High,2024-08-31,Utilities,10965
2,David Brown,High,2024-09-01,Groceries,14184
2,David Brown,High,2024-09-01,Dining,16793
2,David Brown,High,2024-09-01,Travel,12479
2,David Brown,High,2024-09-01,Shopping,12380
2,David Brown,High,2024-09-01,Entertainment,8146
2,David Brown,High,2024-09-01,Healthcare,11326
2,David Brown,High,2024-09-01,Electronics,17876
2,David Brown,High,2024-09-01,Utilities,7111
2,David Brown,High,2024-09-02,Groceries,7592
2,David Brown,High,2024-09-02,Dining,14413
2,David Brown,High,2024-09-02,Travel,15179
2,David Brown,High,2024-09-02,Shopping,17631
2,David Brown,High,2024-09-02,Entertainment,8238
2,David Brown,High,2024-09-02,Healthcare,12983
2,David Brown,High,2024-09-02,Electronics,9794
2,David Brown,High,2024-09-02,Utilities,17606
2,David Brown,High,2024-09-03,Groceries,17321
2,David Brown,High,2024-09-03,Dining,18045
2,David Brown,High,2024-09-03,Travel,18061
2,David Brown,High,2024-09-03,Shopping,10598
2,David Brown,High,2024-09-03,Entertainment,10803
2,David Brown,High,2024-09-03,Healthcare,8526
2,David Brown,High,2024-09-03,Electronics,14909
2,David Brown,High,2024-09-03,Utilities,8969
2,David Brown,High,2024-09-04,Groceries,16143
2,David Brown,High,2024-09-04,Dining,8502
2,David Brown,High,2024-09-04,Travel,11467
2,David Brown,High,2024-09-04,Shopping,18528
2,David Brown,High,2024-09-04,Entertainment,13407
2,David Brown,High,2024-09-04,Healthcare,15301
2,David Brown,High,2024-09-04,Electronics,19178
2,David Brown,High,2024-09-04,Utilities,9354
2,David Brown,High,2024-09-05,Groceries,12319
2,David Brown,High,2024-09-05,Dining,7225
2,David Brown,High,2024-09-05,Travel,10011
2,David Brown,High,2024-09-05,Shopping,11126
2,David Brown,High,2024-09-05,Entertainment,7613
2,David Brown,High,2024-09-05,Healthcare,7098
2,David Brown,High,2024-09-05,Electronics,12458
2,David Brown,High,2024-09-05,Utilities,16002
2,David Brown,High,2024-09-06,Groceries,12916
2,David Brown,High,2024-09-06,Dining,10337
2,David Brown,High,2024-09-06,Travel,9699
2,David Brown,High,2024-09-06,Shopping,12917
2,David Brown,High,2024-09-06,Entertainment,14517
2,David Brown,High,2024-09-06,Healthcare,8019
2,David Brown,High,2024-09-06,Electronics,10025
2,David Brown,High,2024-09-06,Utilities,10528
2,David Brown,High,2024-09-07,Groceries,10886
2,David Brown,High,2024-09-07,Dining,13231
2,David Brown,High,2024-09-07,Travel,12182
2,David Brown,High,2024-09-07,Shopping,12578
2,David Brown,High,2024-09-07,Entertainment,13729
2,David Brown,High,2024-09-07,Healthcare,13961
2,David Brown,High,2024-09-07,Electronics,18171
2,David Brown,High,2024-09-07,Utilities,18532
2,David Brown,High,2024-09-08,Groceries,13013
2,David Brown,High,2024-09-08,Dining,7796
2,David Brown,High,2024-09-08,Travel,8957
2,David Brown,High,2024-09-08,Shopping,10066
2,David Brown,High,2024-09-08,Entertainment,18212
2,David Brown,High,2024-09-08,Healthcare,9680
2,David Brown,High,2024-09-08,Electronics,11441
2,David Brown,High,2024-09-08,Utilities,9948
2,David Brown,High,2024-09-09,Groceries,10731
2,David Brown,High,2024-09-09,Dining,8101
2,David Brown,High,2024-09-09,Travel,12484
2,David Brown,High,2024-09-09,Shopping,16229
2,David Brown,High,2024-09-09,Entertainment,11231
2,David Brown,High,2024-09-09,Healthcare,15983
2,David Brown,High,2024-09-09,Electronics,19366
2,David Brown,High,2024-09-09,Utilities,16970
2,David Brown,High,2024-09-10,Groceries,19992
2,David Brown,High,2024-09-10,Dining,7981
2,David Brown,High,2024-09-10,Travel,16457
2,David Brown,High,2024-09-10,Shopping,12170
2,David Brown,High,2024-09-10,Entertainment,15935
2,David Brown,High,2024-09-10,Healthcare,9431
2,David Brown,High,2024-09-10,Electronics,15566
2,David Brown,High,2024-09-10,Utilities,16945
2,David Brown,High,2024-09-11,Groceries,13349
2,David Brown,High,2024-09-11,Dining,10897
2,David Brown,High,2024-09-11,Travel,17728
2,David Brown,High,2024-09-11,Shopping,14548
2,David Brown,High,2024-09-11,Entertainment,8991
2,David Brown,High,2024-09-11,Healthcare,9928
2,David Brown,High,2024-09-11,Electronics,12430
2,David Brown,High,2024-09-11,Utilities,10446
2,David Brown,High,2024-09-12,Groceries,13775
2,David Brown,High,2024-09-12,Dining,15783
2,David Brown,High,2024-09-12,Travel,12161
2,David Brown,High,2024-09-12,Shopping,19820
2,David Brown,High,2024-09-12,Entertainment,9569
2,David Brown,High,2024-09-12,Healthcare,9872
2,David Brown,High,2024-09-12,Electronics,16368
2,David Brown,High,2024-09-12,Utilities,8335
2,David Brown,High,2024-09-13,Groceries,12413
2,David Brown,High,2024-09-13,Dining,19885
2,David Brown,High,2024-09-13,Travel,7112
2,David Brown,High,2024-09-13,Shopping,10772
2,David Brown,High,2024-09-13,Entertainment,12294
2,David Brown,High,2024-09-13,Healthcare,17037
2,David Brown,High,2024-09-13,Electronics,8987
2,David Brown,High,2024-09-13,Utilities,11829
2,David Brown,High,2024-09-14,Groceries,8985
2,David Brown,High,2024-09-14,Dining,18484
2,David Brown,High,2024-09-14,Travel,18434
2,David Brown,High,2024-09-14,Shopping,12091
2,David Brown,High,2024-09-14,Entertainment,7252
2,David Brown,High,2024-09-14,Healthcare,15315
2,David Brown,High,2024-09-14,Electronics,16428
2,David Brown,High,2024-09-14,Utilities,7623
2,David Brown,High,2024-09-15,Groceries,10156
2,David Brown,High,2024-09-15,Dining,18328
2,David Brown,High,2024-09-15,Travel,10389
2,David Brown,High,2024-09-15,Shopping,10417
2,David Brown,High,2024-09-15,Entertainment,16847
2,David Brown,High,2024-09-15,Healthcare,16458
2,David Brown,High,2024-09-15,Electronics,9945
2,David Brown,High,2024-09-15,Utilities,16352
2,David Brown,High,2024-09-16,Groceries,17486
2,David Brown,High,2024-09-16,Dining,15632
2,David Brown,High,2024-09-16,Travel,9092
2,David Brown,High,2024-09-16,Shopping,9705
2,David Brown,High,2024-09-16,Entertainment,10759
2,David Brown,High,2024-09-16,Healthcare,12112
2,David Brown,High,2024-09-16,Electronics,7553
2,David Brown,High,2024-09-16,Utilities,11904
2,David Brown,High,2024-09-17,Groceries,8112
2,David Brown,High,2024-09-17,Dining,9777
2,David Brown,High,2024-09-17,Travel,14097
2,David Brown,High,2024-09-17,Shopping,17025
2,David Brown,High,2024-09-17,Entertainment,8314
2,David Brown,High,2024-09-17,Healthcare,10493
2,David Brown,High,2024-09-17,Electronics,18330
2,David Brown,High,2024-09-17,Utilities,18304
2,David Brown,High,2024-09-18,Groceries,15290
2,David Brown,High,2024-09-18,Dining,14473
2,David Brown,High,2024-09-18,Travel,14015
2,David Brown,High,2024-09-18,Shopping,19117
2,David Brown,High,2024-09-18,Entertainment,16671
2,David Brown,High,2024-09-18,Healthcare,12710
2,David Brown,High,2024-09-18,Electronics,19588
2,David Brown,High,2024-09-18,Utilities,8222
2,David Brown,High,2024-09-19,Groceries,11583
2,David Brown,High,2024-09-19,Dining,12520
2,David Brown,High,2024-09-19,Travel,14872
2,David Brown,High,2024-09-19,Shopping,16196
2,David Brown,High,2024-09-19,Entertainment,15668
2,David Brown,High,2024-09-19,Healthcare,12431
2,David Brown,High,2024-09-19,Electronics,16327
2,David Brown,High,2024-09-19,Utilities,18048
2,David Brown,High,2024-09-20,Groceries,8705
2,David Brown,High,2024-09-20,Dining,7517
2,David Brown,High,2024-09-20,Travel,8220
2,David Brown,High,2024-09-20,Shopping,9506
2,David Brown,High,2024-09-20,Entertainment,11325
2,David Brown,High,2024-09-20,Healthcare,16383
2,David Brown,High,2024-09-20,Electronics,19072
2,David Brown,High,2024-09-20,Utilities,18435
2,David Brown,High,2024-09-21,Groceries,17169
2,David Brown,High,2024-09-21,Dining,12479
2,David Brown,High,2024-09-21,Travel,17434
2,David Brown,High,2024-09-21,Shopping,14436
2,David Brown,High,2024-09-21,Entertainment,10090
2,David Brown,High,2024-09-21,Healthcare,13497
2,David Brown,High,2024-09-21,Electronics,17079
2,David Brown,High,2024-09-21,Utilities,12168
2,David Brown,High,2024-09-22,Groceries,19751
2,David Brown,High,2024-09-22,Dining,13993
2,David Brown,High,2024-09-22,Travel,7973
2,David Brown,High,2024-09-22,Shopping,12277
2,David Brown,High,2024-09-22,Entertainment,15257
2,David Brown,High,2024-09-22,Healthcare,13092
2,David Brown,High,2024-09-22,Electronics,9906
2,David Brown,High,2024-09-22,Utilities,7570
2,David Brown,High,2024-09-23,Groceries,19084
2,David Brown,High,2024-09-23,Dining,7307
2,David Brown,High,2024-09-23,Travel,18600
2,David Brown,High,2024-09-23,Shopping,10742
2,David Brown,High,2024-09-23,Entertainment,15974
2,David Brown,High,2024-09-23,Healthcare,19408
2,David Brown,High,2024-09-23,Electronics,7765
2,David Brown,High,2024-09-23,Utilities,18667
2,David Brown,High,2024-09-24,Groceries,15964
2,David Brown,High,2024-09-24,Dining,14814
2,David Brown,High,2024-09-24,Travel,19049
2,David Brown,High,2024-09-24,Shopping,14735
2,David Brown,High,2024-09-24,Entertainment,18377
2,David Brown,High,2024-09-24,Healthcare,15036
2,David Brown,High,2024-09-24,Electronics,14596
2,David Brown,High,2024-09-24,Utilities,7539
2,David Brown,High,2024-09-25,Groceries,14985
2,David Brown,High,2024-09-25,Dining,9049
2,David Brown,High,2024-09-25,Travel,10283
2,David Brown,High,2024-09-25,Shopping,11675
2,David Brown,High,2024-09-25,Entertainment,8663
2,David Brown,High,2024-09-25,Healthcare,13476
2,David Brown,High,2024-09-25,Electronics,16239
2,David Brown,High,2024-09-25,Utilities,19028
2,David Brown,High,2024-09-26,Groceries,10439
2,David Brown,High,2024-09-26,Dining,15697
2,David Brown,High,2024-09-26,Travel,14143
2,David Brown,High,2024-09-26,Shopping,10247
2,David Brown,High,2024-09-26,Entertainment,10500
2,David Brown,High,2024-09-26,Healthcare,8910
2,David Brown,High,2024-09-26,Electronics,7732
2,David Brown,High,2024-09-26,Utilities,10513
2,David Brown,High,2024-09-27,Groceries,16763
2,David Brown,High,2024-09-27,Dining,11609
2,David Brown,High,2024-09-27,Travel,18134
2,David Brown,High,2024-09-27,Shopping,11456
2,David Brown,High,2024-09-27,Entertainment,17513
2,David Brown,High,2024-09-27,Healthcare,10335
2,David Brown,High,2024-09-27,Electronics,19814
2,David Brown,High,2024-09-27,Utilities,15168
2,David Brown,High,2024-09-28,Groceries,14056
2,David Brown,High,2024-09-28,Dining,19566
2,David Brown,High,2024-09-28,Travel,9753
2,David Brown,High,2024-09-28,Shopping,8372
2,David Brown,High,2024-09-28,Entertainment,16636
2,David Brown,High,2024-09-28,Healthcare,10376
2,David Brown,High,2024-09-28,Electronics,15481
2,David Brown,High,2024-09-28,Utilities,17257
2,David Brown,High,2024-09-29,Groceries,7063
2,David Brown,High,2024-09-29,Dining,10945
2,David Brown,High,2024-09-29,Travel,7329
2,David Brown,High,2024-09-29,Shopping,11858
2,David Brown,High,2024-09-29,Entertainment,8963
2,David Brown,High,2024-09-29,Healthcare,10088
2,David Brown,High,2024-09-29,Electronics,17682
2,David Brown,High,2024-09-29,Utilities,7140
2,David Brown,High,2024-09-30,Groceries,11539
2,David Brown,High,2024-09-30,Dining,9473
2,David Brown,High,2024-09-30,Travel,12594
2,David Brown,High,2024-09-30,Shopping,10903
2,David Brown,High,2024-09-30,Entertainment,12364
2,David Brown,High,2024-09-30,Healthcare,7449
2,David Brown,High,2024-09-30,Electronics,17017
2,David Brown,High,2024-09-30,Utilities,11446
2,David Brown,High,2024-10-01,Groceries,11694
2,David Brown,High,2024-10-01,Dining,11806
2,David Brown,High,2024-10-01,Travel,7869
2,David Brown,High,2024-10-01,Shopping,13079
2,David Brown,High,2024-10-01,Entertainment,14307
2,David Brown,High,2024-10-01,Healthcare,18756
2,David Brown,High,2024-10-01,Electronics,10659
2,David Brown,High,2024-10-01,Utilities,10602
2,David Brown,High,2024-10-02,Groceries,15584
2,David Brown,High,2024-10-02,Dining,16033
2,David Brown,High,2024-10-02,Travel,9448
2,David Brown,High,2024-10-02,Shopping,17983
2,David Brown,High,2024-10-02,Entertainment,14592
2,David Brown,High,2024-10-02,Healthcare,9953
2,David Brown,High,2024-10-02,Electronics,12131
2,David Brown,High,2024-10-02,Utilities,8358
2,David Brown,High,2024-10-03,Groceries,16182
2,David Brown,High,2024-10-03,Dining,16230
2,David Brown,High,2024-10-03,Travel,15219
2,David Brown,High,2024-10-03,Shopping,7387
2,David Brown,High,2024-10-03,Entertainment,7832
2,David Brown,High,2024-10-03,Healthcare,15441
2,David Brown,High,2024-10-03,Electronics,17219
2,David Brown,High,2024-10-03,Utilities,16720
2,David Brown,High,2024-10-04,Groceries,11193
2,David Brown,High,2024-10-04,Dining,8838
2,David Brown,High,2024-10-04,Travel,16552
2,David Brown,High,2024-10-04,Shopping,18301
2,David Brown,High,2024-10-04,Entertainment,16515
2,David Brown,High,2024-10-04,Healthcare,17418
2,David Brown,High,2024-10-04,Electronics,18872
2,David Brown,High,2024-10-04,Utilities,7891
2,David Brown,High,2024-10-05,Groceries,12588
2,David Brown,High,2024-10-05,Dining,8305
2,David Brown,High,2024-10-05,Travel,12283
2,David Brown,High,2024-10-05,Shopping,11548
2,David Brown,High,2024-10-05,Entertainment,11192
2,David Brown,High,2024-10-05,Healthcare,13452
2,David Brown,High,2024-10-05,Electronics,15453
2,David Brown,High,2024-10-05,Utilities,9340
2,David Brown,High,2024-10-06,Groceries,8793
2,David Brown,High,2024-10-06,Dining,17488
2,David Brown,High,2024-10-06,Travel,17484
2,David Brown,High,2024-10-06,Shopping,13394
2,David Brown,High,2024-10-06,Entertainment,17362
2,David Brown,High,2024-10-06,Healthcare,7324
2,David Brown,High,2024-10-06,Electronics,16177
2,David Brown,High,2024-10-06,Utilities,14848
2,David Brown,High,2024-10-07,Groceries,15114
2,David Brown,High,2024-10-07,Dining,13644
2,David Brown,High,2024-10-07,Travel,11782
2,David Brown,High,2024-10-07,Shopping,19044
2,David Brown,High,2024-10-07,Entertainment,16931
2,David Brown,High,2024-10-07,Healthcare,17052
2,David Brown,High,2024-10-07,Electronics,10137
2,David Brown,High,2024-10-07,Utilities,10898
2,David Brown,High,2024-10-08,Groceries,7835
2,David Brown,High,2024-10-08,Dining,11154
2,David Brown,High,2024-10-08,Travel,9778
2,David Brown,High,2024-10-08,Shopping,16588
2,David Brown,High,2024-10-08,Entertainment,13409
2,David Brown,High,2024-10-08,Healthcare,16868
2,David Brown,High,2024-10-08,Electronics,19523
2,David Brown,High,2024-10-08,Utilities,11313
2,David Brown,High,2024-10-09,Groceries,12646
2,David Brown,High,2024-10-09,Dining,17029
2,David Brown,High,2024-10-09,Travel,14608
2,David Brown,High,2024-10-09,Shopping,10721
2,David Brown,High,2024-10-09,Entertainment,14911
2,David Brown,High,2024-10-09,Healthcare,18864
2,David Brown,High,2024-10-09,Electronics,18214
2,David Brown,High,2024-10-09,Utilities,19876
2,David Brown,High,2024-10-10,Groceries,8671
2,David Brown,High,2024-10-10,Dining,7916
2,David Brown,High,2024-10-10,Travel,12588
2,David Brown,High,2024-10-10,Shopping,16109
2,David Brown,High,2024-10-10,Entertainment,16325
2,David Brown,High,2024-10-10,Healthcare,13496
2,David Brown,High,2024-10-10,Electronics,8836
2,David Brown,High,2024-10-10,Utilities,9138
2,David Brown,High,2024-10-11,Groceries,11007
2,David Brown,High,2024-10-11,Dining,8905
2,David Brown,High,2024-10-11,Travel,10989
2,David Brown,High,2024-10-11,Shopping,10485
2,David Brown,High,2024-10-11,Entertainment,11797
2,David Brown,High,2024-10-11,Healthcare,17312
2,David Brown,High,2024-10-11,Electronics,9732
2,David Brown,High,2024-10-11,Utilities,14714
2,David Brown,High,2024-10-12,Groceries,17961
2,David Brown,High,2024-10-12,Dining,8321
2,David Brown,High,2024-10-12,Travel,18908
2,David Brown,High,2024-10-12,Shopping,10354
2,David Brown,High,2024-10-12,Entertainment,16720
2,David Brown,High,2024-10-12,Healthcare,14101
2,David Brown,High,2024-10-12,Electronics,11743
2,David Brown,High,2024-10-12,Utilities,15951
2,David Brown,High,2024-10-13,Groceries,14014
2,David Brown,High,2024-10-13,Dining,10412
2,David Brown,High,2024-10-13,Travel,14825
2,David Brown,High,2024-10-13,Shopping,8357
2,David Brown,High,2024-10-13,Entertainment,17382
2,David Brown,High,2024-10-13,Healthcare,10481
2,David Brown,High,2024-10-13,Electronics,16140
2,David Brown,High,2024-10-13,Utilities,17271
2,David Brown,High,2024-10-14,Groceries,8766
2,David Brown,High,2024-10-14,Dining,15219
2,David Brown,High,2024-10-14,Travel,14163
2,David Brown,High,2024-10-14,Shopping,9470
2,David Brown,High,2024-10-14,Entertainment,17730
2,David Brown,High,2024-10-14,Healthcare,7159
2,David Brown,High,2024-10-14,Electronics,9892
2,David Brown,High,2024-10-14,Utilities,12326
2,David Brown,High,2024-10-15,Groceries,11113
2,David Brown,High,2024-10-15,Dining,14749
2,David Brown,High,2024-10-15,Travel,14798
2,David Brown,High,2024-10-15,Shopping,18914
2,David Brown,High,2024-10-15,Entertainment,18923
2,David Brown,High,2024-10-15,Healthcare,17663
2,David Brown,High,2024-10-15,Electronics,11999
2,David Brown,High,2024-10-15,Utilities,8570
2,David Brown,High,2024-10-16,Groceries,16028
2,David Brown,High,2024-10-16,Dining,19130
2,David Brown,High,2024-10-16,Travel,17478
2,David Brown,High,2024-10-16,Shopping,10405
2,David Brown,High,2024-10-16,Entertainment,17862
2,David Brown,High,2024-10-16,Healthcare,12527
2,David Brown,High,2024-10-16,Electronics,19304
2,David Brown,High,2024-10-16,Utilities,19939
2,David Brown,High,2024-10-17,Groceries,19547
2,David Brown,High,2024-10-17,Dining,12848
2,David Brown,High,2024-10-17,Travel,13817
2,David Brown,High,2024-10-17,Shopping,8627
2,David Brown,High,2024-10-17,Entertainment,13143
2,David Brown,High,2024-10-17,Healthcare,17058
2,David Brown,High,2024-10-17,Electronics,15396
2,David Brown,High,2024-10-17,Utilities,13558
2,David Brown,High,2024-10-18,Groceries,18771
2,David Brown,High,2024-10-18,Dining,12272
2,David Brown,High,2024-10-18,Travel,18366
2,David Brown,High,2024-10-18,Shopping,14881
2,David Brown,High,2024-10-18,Entertainment,15983
2,David Brown,High,2024-10-18,Healthcare,19284
2,David Brown,High,2024-10-18,Electronics,10747
2,David Brown,High,2024-10-18,Utilities,16297
2,David Brown,High,2024-10-19,Groceries,16282
2,David Brown,High,2024-10-19,Dining,8607
2,David Brown,High,2024-10-19,Travel,17031
2,David Brown,High,2024-10-19,Shopping,12074
2,David Brown,High,2024-10-19,Entertainment,14153
2,David Brown,High,2024-10-19,Healthcare,18589
2,David Brown,High,2024-10-19,Electronics,13733
2,David Brown,High,2024-10-19,Utilities,7066
2,David Brown,High,2024-10-20,Groceries,15000
2,David Brown,High,2024-10-20,Dining,19971
2,David Brown,High,2024-10-20,Travel,14645
2,David Brown,High,2024-10-20,Shopping,16470
2,David Brown,High,2024-10-20,Entertainment,11158
2,David Brown,High,2024-10-20,Healthcare,16005
2,David Brown,High,2024-10-20,Electronics,7402
2,David Brown,High,2024-10-20,Utilities,14925
2,David Brown,High,2024-10-21,Groceries,17194
2,David Brown,High,2024-10-21,Dining,11166
2,David Brown,High,2024-10-21,Travel,9925
2,David Brown,High,2024-10-21,Shopping,9993
2,David Brown,High,2024-10-21,Entertainment,16278
2,David Brown,High,2024-10-21,Healthcare,19532
2,David Brown,High,2024-10-21,Electronics,17758
2,David Brown,High,2024-10-21,Utilities,19680
2,David Brown,High,2024-10-22,Groceries,7771
2,David Brown,High,2024-10-22,Dining,18864
2,David Brown,High,2024-10-22,Travel,18440
2,David Brown,High,2024-10-22,Shopping,14371
2,David Brown,High,2024-10-22,Entertainment,16861
2,David Brown,High,2024-10-22,Healthcare,12713
2,David Brown,High,2024-10-22,Electronics,15167
2,David Brown,High,2024-10-22,Utilities,8556
2,David Brown,High,2024-10-23,Groceries,18150
2,David Brown,High,2024-10-23,Dining,8151
2,David Brown,High,2024-10-23,Travel,12314
2,David Brown,High,2024-10-23,Shopping,8217
2,David Brown,High,2024-10-23,Entertainment,17423
2,David Brown,High,2024-10-23,Healthcare,19534
2,David Brown,High,2024-10-23,Electronics,10944
2,David Brown,High,2024-10-23,Utilities,15039
2,David Brown,High,2024-10-24,Groceries,9042
2,David Brown,High,2024-10-24,Dining,13303
2,David Brown,High,2024-10-24,Travel,15897
2,David Brown,High,2024-10-24,Shopping,9669
2,David Brown,High,2024-10-24,Entertainment,9113
2,David Brown,High,2024-10-24,Healthcare,9977
2,David Brown,High,2024-10-24,Electronics,19541
2,David Brown,High,2024-10-24,Utilities,11378
2,David Brown,High,2024-10-25,Groceries,14227
2,David Brown,High,2024-10-25,Dining,13261
2,David Brown,High,2024-10-25,Travel,7422
2,David Brown,High,2024-10-25,Shopping,17213
2,David Brown,High,2024-10-25,Entertainment,18985
2,David Brown,High,2024-10-25,Healthcare,19323
2,David Brown,High,2024-10-25,Electronics,15722
2,David Brown,High,2024-10-25,Utilities,7090
2,David Brown,High,2024-10-26,Groceries,10372
2,David Brown,High,2024-10-26,Dining,13036
2,David Brown,High,2024-10-26,Travel,8942
2,David Brown,High,2024-10-26,Shopping,10805
2,David Brown,High,2024-10-26,Entertainment,16432
2,David Brown,High,2024-10-26,Healthcare,16950
2,David Brown,High,2024-10-26,Electronics,7097
2,David Brown,High,2024-10-26,Utilities,8479
2,David Brown,High,2024-10-27,Groceries,11626
2,David Brown,High,2024-10-27,Dining,17024
2,David Brown,High,2024-10-27,Travel,17777
2,David Brown,High,2024-10-27,Shopping,12147
2,David Brown,High,2024-10-27,Entertainment,10647
2,David Brown,High,2024-10-27,Healthcare,12443
2,David Brown,High,2024-10-27,Electronics,7079
2,David Brown,High,2024-10-27,Utilities,12577
2,David Brown,High,2024-10-28,Groceries,19901
2,David Brown,High,2024-10-28,Dining,9223
2,David Brown,High,2024-10-28,Travel,9569
2,David Brown,High,2024-10-28,Shopping,16964
2,David Brown,High,2024-10-28,Entertainment,11518
2,David Brown,High,2024-10-28,Healthcare,8123
2,David Brown,High,2024-10-28,Electronics,19003
2,David Brown,High,2024-10-28,Utilities,18666
2,David Brown,High,2024-10-29,Groceries,9623
2,David Brown,High,2024-10-29,Dining,8403
2,David Brown,High,2024-10-29,Travel,9578
2,David Brown,High,2024-10-29,Shopping,7331
2,David Brown,High,2024-10-29,Entertainment,14485
2,David Brown,High,2024-10-29,Healthcare,19940
2,David Brown,High,2024-10-29,Electronics,18800
2,David Brown,High,2024-10-29,Utilities,7739
2,David Brown,High,2024-10-30,Groceries,19798
2,David Brown,High,2024-10-30,Dining,15233
2,David Brown,High,2024-10-30,Travel,11980
2,David Brown,High,2024-10-30,Shopping,10878
2,David Brown,High,2024-10-30,Entertainment,8949
2,David Brown,High,2024-10-30,Healthcare,10460
2,David Brown,High,2024-10-30,Electronics,9128
2,David Brown,High,2024-10-30,Utilities,11497
2,David Brown,High,2024-10-31,Groceries,9154
2,David Brown,High,2024-10-31,Dining,12230
2,David Brown,High,2024-10-31,Travel,14444
2,David Brown,High,2024-10-31,Shopping,8237
2,David Brown,High,2024-10-31,Entertainment,16958
2,David Brown,High,2024-10-31,Healthcare,17033
2,David Brown,High,2024-10-31,Electronics,15697
2,David Brown,High,2024-10-31,Utilities,12240
2,David Brown,High,2024-11-01,Groceries,17033
2,David Brown,High,2024-11-01,Dining,11815
2,David Brown,High,2024-11-01,Travel,16586
2,David Brown,High,2024-11-01,Shopping,7256
2,David Brown,High,2024-11-01,Entertainment,8720
2,David Brown,High,2024-11-01,Healthcare,14347
2,David Brown,High,2024-11-01,Electronics,14076
2,David Brown,High,2024-11-01,Utilities,8071
2,David Brown,High,2024-11-02,Groceries,8622
2,David Brown,High,2024-11-02,Dining,9066
2,David Brown,High,2024-11-02,Travel,16261
2,David Brown,High,2024-11-02,Shopping,15642
2,David Brown,High,2024-11-02,Entertainment,7897
2,David Brown,High,2024-11-02,Healthcare,12175
2,David Brown,High,2024-11-02,Electronics,18920
2,David Brown,High,2024-11-02,Utilities,15273
2,David Brown,High,2024-11-03,Groceries,15928
2,David Brown,High,2024-11-03,Dining,11174
2,David Brown,High,2024-11-03,Travel,12781
2,David Brown,High,2024-11-03,Shopping,10944
2,David Brown,High,2024-11-03,Entertainment,13426
2,David Brown,High,2024-11-03,Healthcare,17399
2,David Brown,High,2024-11-03,Electronics,12435
2,David Brown,High,2024-11-03,Utilities,19140
2,David Brown,High,2024-11-04,Groceries,17194
2,David Brown,High,2024-11-04,Dining,16883
2,David Brown,High,2024-11-04,Travel,16371
2,David Brown,High,2024-11-04,Shopping,9935
2,David Brown,High,2024-11-04,Entertainment,12833
2,David Brown,High,2024-11-04,Healthcare,17707
2,David Brown,High,2024-11-04,Electronics,15088
2,David Brown,High,2024-11-04,Utilities,7461
2,David Brown,High,2024-11-05,Groceries,18093
2,David Brown,High,2024-11-05,Dining,7116
2,David Brown,High,2024-11-05,Travel,12785
2,David Brown,High,2024-11-05,Shopping,13507
2,David Brown,High,2024-11-05,Entertainment,16846
2,David Brown,High,2024-11-05,Healthcare,12830
2,David Brown,High,2024-11-05,Electronics,11561
2,David Brown,High,2024-11-05,Utilities,16990
2,David Brown,High,2024-11-06,Groceries,15127
2,David Brown,High,2024-11-06,Dining,7659
2,David Brown,High,2024-11-06,Travel,18429
2,David Brown,High,2024-11-06,Shopping,9122
2,David Brown,High,2024-11-06,Entertainment,19011
2,David Brown,High,2024-11-06,Healthcare,18535
2,David Brown,High,2024-11-06,Electronics,17742
2,David Brown,High,2024-11-06,Utilities,8586
2,David Brown,High,2024-11-07,Groceries,11682
2,David Brown,High,2024-11-07,Dining,13799
2,David Brown,High,2024-11-07,Travel,17939
2,David Brown,High,2024-11-07,Shopping,15826
2,David Brown,High,2024-11-07,Entertainment,13987
2,David Brown,High,2024-11-07,Healthcare,14975
2,David Brown,High,2024-11-07,Electronics,9882
2,David Brown,High,2024-11-07,Utilities,12249
2,David Brown,High,2024-11-08,Groceries,9811
2,David Brown,High,2024-11-08,Dining,19645
2,David Brown,High,2024-11-08,Travel,19207
2,David Brown,High,2024-11-08,Shopping,17931
2,David Brown,High,2024-11-08,Entertainment,12527
2,David Brown,High,2024-11-08,Healthcare,8884
2,David Brown,High,2024-11-08,Electronics,16710
2,David Brown,High,2024-11-08,Utilities,15813
2,David Brown,High,2024-11-09,Groceries,19769
2,David Brown,High,2024-11-09,Dining,12073
2,David Brown,High,2024-11-09,Travel,16729
2,David Brown,High,2024-11-09,Shopping,17529
2,David Brown,High,2024-11-09,Entertainment,12416
2,David Brown,High,2024-11-09,Healthcare,12800
2,David Brown,High,2024-11-09,Electronics,13895
2,David Brown,High,2024-11-09,Utilities,17186
2,David Brown,High,2024-11-10,Groceries,17262
2,David Brown,High,2024-11-10,Dining,13315
2,David Brown,High,2024-11-10,Travel,11930
2,David Brown,High,2024-11-10,Shopping,9365
2,David Brown,High,2024-11-10,Entertainment,18037
2,David Brown,High,2024-11-10,Healthcare,18230
2,David Brown,High,2024-11-10,Electronics,7854
2,David Brown,High,2024-11-10,Utilities,9728
2,David Brown,High,2024-11-11,Groceries,7915
2,David Brown,High,2024-11-11,Dining,14173
2,David Brown,High,2024-11-11,Travel,11938
2,David Brown,High,2024-11-11,Shopping,7131
2,David Brown,High,2024-11-11,Entertainment,16308
2,David Brown,High,2024-11-11,Healthcare,10593
2,David Brown,High,2024-11-11,Electronics,16052
2,David Brown,High,2024-11-11,Utilities,7293
2,David Brown,High,2024-11-12,Groceries,17880
2,David Brown,High,2024-11-12,Dining,16191
2,David Brown,High,2024-11-12,Travel,17488
2,David Brown,High,2024-11-12,Shopping,10685
2,David Brown,High,2024-11-12,Entertainment,15016
2,David Brown,High,2024-11-12,Healthcare,14762
2,David Brown,High,2024-11-12,Electronics,13846
2,David Brown,High,2024-11-12,Utilities,14584
2,David Brown,High,2024-11-13,Groceries,14310
2,David Brown,High,2024-11-13,Dining,12356
2,David Brown,High,2024-11-13,Travel,7286
2,David Brown,High,2024-11-13,Shopping,15641
2,David Brown,High,2024-11-13,Entertainment,17530
2,David Brown,High,2024-11-13,Healthcare,18432
2,David Brown,High,2024-11-13,Electronics,13586
2,David Brown,High,2024-11-13,Utilities,17895
2,David Brown,High,2024-11-14,Groceries,12303
2,David Brown,High,2024-11-14,Dining,10116
2,David Brown,High,2024-11-14,Travel,12874
2,David Brown,High,2024-11-14,Shopping,13970
2,David Brown,High,2024-11-14,Entertainment,15148
2,David Brown,High,2024-11-14,Healthcare,19763
2,David Brown,High,2024-11-14,Electronics,15444
2,David Brown,High,2024-11-14,Utilities,16611
2,David Brown,High,2024-11-15,Groceries,17528
2,David Brown,High,2024-11-15,Dining,8235
2,David Brown,High,2024-11-15,Travel,7999
2,David Brown,High,2024-11-15,Shopping,10760
2,David Brown,High,2024-11-15,Entertainment,11116
2,David Brown,High,2024-11-15,Healthcare,11411
2,David Brown,High,2024-11-15,Electronics,17803
2,David Brown,High,2024-11-15,Utilities,12557
2,David Brown,High,2024-11-16,Groceries,16638
2,David Brown,High,2024-11-16,Dining,12352
2,David Brown,High,2024-11-16,Travel,17362
2,David Brown,High,2024-11-16,Shopping,18113
2,David Brown,High,2024-11-16,Entertainment,10683
2,David Brown,High,2024-11-16,Healthcare,9261
2,David Brown,High,2024-11-16,Electronics,17137
2,David Brown,High,2024-11-16,Utilities,8853
2,David Brown,High,2024-11-17,Groceries,15791
2,David Brown,High,2024-11-17,Dining,19327
2,David Brown,High,2024-11-17,Travel,13895
2,David Brown,High,2024-11-17,Shopping,18595
2,David Brown,High,2024-11-17,Entertainment,9990
2,David Brown,High,2024-11-17,Healthcare,19935
2,David Brown,High,2024-11-17,Electronics,19469
2,David Brown,High,2024-11-17,Utilities,19552
2,David Brown,High,2024-11-18,Groceries,18010
2,David Brown,High,2024-11-18,Dining,7862
2,David Brown,High,2024-11-18,Travel,11527
2,David Brown,High,2024-11-18,Shopping,19247
2,David Brown,High,2024-11-18,Entertainment,8219
2,David Brown,High,2024-11-18,Healthcare,10795
2,David Brown,High,2024-11-18,Electronics,19796
2,David Brown,High,2024-11-18,Utilities,19734
2,David Brown,High,2024-11-19,Groceries,7527
2,David Brown,High,2024-11-19,Dining,14369
2,David Brown,High,2024-11-19,Travel,9922
2,David Brown,High,2024-11-19,Shopping,12849
2,David Brown,High,2024-11-19,Entertainment,18396
2,David Brown,High,2024-11-19,Healthcare,8162
2,David Brown,High,2024-11-19,Electronics,19956
2,David Brown,High,2024-11-19,Utilities,18756
2,David Brown,High,2024-11-20,Groceries,7846
2,David Brown,High,2024-11-20,Dining,17309
2,David Brown,High,2024-11-20,Travel,13959
2,David Brown,High,2024-11-20,Shopping,10086
2,David Brown,High,2024-11-20,Entertainment,16962
2,David Brown,High,2024-11-20,Healthcare,10283
2,David Brown,High,2024-11-20,Electronics,17017
2,David Brown,High,2024-11-20,Utilities,10323
2,David Brown,High,2024-11-21,Groceries,7445
2,David Brown,High,2024-11-21,Dining,8025
2,David Brown,High,2024-11-21,Travel,16963
2,David Brown,High,2024-11-21,Shopping,8359
2,David Brown,High,2024-11-21,Entertainment,15210
2,David Brown,High,2024-11-21,Healthcare,13113
2,David Brown,High,2024-11-21,Electronics,15752
2,David Brown,High,2024-11-21,Utilities,7471
2,David Brown,High,2024-11-22,Groceries,7027
2,David Brown,High,2024-11-22,Dining,15751
2,David Brown,High,2024-11-22,Travel,17847
2,David Brown,High,2024-11-22,Shopping,10236
2,David Brown,High,2024-11-22,Entertainment,19745
2,David Brown,High,2024-11-22,Healthcare,16136
2,David Brown,High,2024-11-22,Electronics,10948
2,David Brown,High,2024-11-22,Utilities,18848
2,David Brown,High,2024-11-23,Groceries,18255
2,David Brown,High,2024-11-23,Dining,13172
2,David Brown,High,2024-11-23,Travel,8979
2,David Brown,High,2024-11-23,Shopping,17908
2,David Brown,High,2024-11-23,Entertainment,11921
2,David Brown,High,2024-11-23,Healthcare,16007
2,David Brown,High,2024-11-23,Electronics,9326
2,David Brown,High,2024-11-23,Utilities,9330
2,David Brown,High,2024-11-24,Groceries,14646
2,David Brown,High,2024-11-24,Dining,8002
2,David Brown,High,2024-11-24,Travel,16734
2,David Brown,High,2024-11-24,Shopping,13448
2,David Brown,High,2024-11-24,Entertainment,13837
2,David Brown,High,2024-11-24,Healthcare,19396
2,David Brown,High,2024-11-24,Electronics,13467
2,David Brown,High,2024-11-24,Utilities,16421
2,David Brown,High,2024-11-25,Groceries,18497
2,David Brown,High,2024-11-25,Dining,14354
2,David Brown,High,2024-11-25,Travel,9529
2,David Brown,High,2024-11-25,Shopping,8430
2,David Brown,High,2024-11-25,Entertainment,10912
2,David Brown,High,2024-11-25,Healthcare,8532
2,David Brown,High,2024-11-25,Electronics,8892
2,David Brown,High,2024-11-25,Utilities,18316
2,David Brown,High,2024-11-26,Groceries,8421
2,David Brown,High,2024-11-26,Dining,15582
2,David Brown,High,2024-11-26,Travel,12768
2,David Brown,High,2024-11-26,Shopping,9818
2,David Brown,High,2024-11-26,Entertainment,17061
2,David Brown,High,2024-11-26,Healthcare,18152
2,David Brown,High,2024-11-26,Electronics,12617
2,David Brown,High,2024-11-26,Utilities,8195
2,David Brown,High,2024-11-27,Groceries,13229
2,David Brown,High,2024-11-27,Dining,17797
2,David Brown,High,2024-11-27,Travel,16049
2,David Brown,High,2024-11-27,Shopping,12305
2,David Brown,High,2024-11-27,Entertainment,18419
2,David Brown,High,2024-11-27,Healthcare,16708
2,David Brown,High,2024-11-27,Electronics,15077
2,David Brown,High,2024-11-27,Utilities,16345
2,David Brown,High,2024-11-28,Groceries,7842
2,David Brown,High,2024-11-28,Dining,12200
2,David Brown,High,2024-11-28,Travel,12921
2,David Brown,High,2024-11-28,Shopping,16874
2,David Brown,High,2024-11-28,Entertainment,7294
2,David Brown,High,2024-11-28,Healthcare,13097
2,David Brown,High,2024-11-28,Electronics,13412
2,David Brown,High,2024-11-28,Utilities,15836
2,David Brown,High,2024-11-29,Groceries,18825
2,David Brown,High,2024-11-29,Dining,13678
2,David Brown,High,2024-11-29,Travel,17327
2,David Brown,High,2024-11-29,Shopping,12020
2,David Brown,High,2024-11-29,Entertainment,12743
2,David Brown,High,2024-11-29,Healthcare,7110
2,David Brown,High,2024-11-29,Electronics,15775
2,David Brown,High,2024-11-29,Utilities,18417
2,David Brown,High,2024-11-30,Groceries,16678
2,David Brown,High,2024-11-30,Dining,11864
2,David Brown,High,2024-11-30,Travel,8648
2,David Brown,High,2024-11-30,Shopping,13381
2,David Brown,High,2024-11-30,Entertainment,9381
2,David Brown,High,2024-11-30,Healthcare,7105
2,David Brown,High,2024-11-30,Electronics,18745
2,David Brown,High,2024-11-30,Utilities,12818
2,David Brown,High,2024-12-01,Groceries,16886
2,David Brown,High,2024-12-01,Dining,16925
2,David Brown,High,2024-12-01,Travel,7381
2,David Brown,High,2024-12-01,Shopping,17928
2,David Brown,High,2024-12-01,Entertainment,11356
2,David Brown,High,2024-12-01,Healthcare,12918
2,David Brown,High,2024-12-01,Electronics,8316
2,David Brown,High,2024-12-01,Utilities,12454
2,David Brown,High,2024-12-02,Groceries,17894
2,David Brown,High,2024-12-02,Dining,11074
2,David Brown,High,2024-12-02,Travel,11804
2,David Brown,High,2024-12-02,Shopping,7906
2,David Brown,High,2024-12-02,Entertainment,14621
2,David Brown,High,2024-12-02,Healthcare,7662
2,David Brown,High,2024-12-02,Electronics,13718
2,David Brown,High,2024-12-02,Utilities,15654
2,David Brown,High,2024-12-03,Groceries,18094
2,David Brown,High,2024-12-03,Dining,19872
2,David Brown,High,2024-12-03,Travel,7942
2,David Brown,High,2024-12-03,Shopping,15349
2,David Brown,High,2024-12-03,Entertainment,13415
2,David Brown,High,2024-12-03,Healthcare,10309
2,David Brown,High,2024-12-03,Electronics,8326
2,David Brown,High,2024-12-03,Utilities,17909
2,David Brown,High,2024-12-04,Groceries,17860
2,David Brown,High,2024-12-04,Dining,17760
2,David Brown,High,2024-12-04,Travel,18584
2,David Brown,High,2024-12-04,Shopping,9106
2,David Brown,High,2024-12-04,Entertainment,11799
2,David Brown,High,2024-12-04,Healthcare,15839
2,David Brown,High,2024-12-04,Electronics,18514
2,David Brown,High,2024-12-04,Utilities,9938
2,David Brown,High,2024-12-05,Groceries,9483
2,David Brown,High,2024-12-05,Dining,19433
2,David Brown,High,2024-12-05,Travel,18098
2,David Brown,High,2024-12-05,Shopping,18217
2,David Brown,High,2024-12-05,Entertainment,8375
2,David Brown,High,2024-12-05,Healthcare,14856
2,David Brown,High,2024-12-05,Electronics,17015
2,David Brown,High,2024-12-05,Utilities,7244
2,David Brown,High,2024-12-06,Groceries,9348
2,David Brown,High,2024-12-06,Dining,16059
2,David Brown,High,2024-12-06,Travel,18053
2,David Brown,High,2024-12-06,Shopping,7479
2,David Brown,High,2024-12-06,Entertainment,17654
2,David Brown,High,2024-12-06,Healthcare,8935
2,David Brown,High,2024-12-06,Electronics,12757
2,David Brown,High,2024-12-06,Utilities,18565
2,David Brown,High,2024-12-07,Groceries,18213
2,David Brown,High,2024-12-07,Dining,18384
2,David Brown,High,2024-12-07,Travel,7087
2,David Brown,High,2024-12-07,Shopping,16432
2,David Brown,High,2024-12-07,Entertainment,15764
2,David Brown,High,2024-12-07,Healthcare,16005
2,David Brown,High,2024-12-07,Electronics,7178
2,David Brown,High,2024-12-07,Utilities,16917
2,David Brown,High,2024-12-08,Groceries,7162
2,David Brown,High,2024-12-08,Dining,9640
2,David Brown,High,2024-12-08,Travel,16197
2,David Brown,High,2024-12-08,Shopping,9348
2,David Brown,High,2024-12-08,Entertainment,9421
2,David Brown,High,2024-12-08,Healthcare,17947
2,David Brown,High,2024-12-08,Electronics,11298
2,David Brown,High,2024-12-08,Utilities,11142
2,David Brown,High,2024-12-09,Groceries,19750
2,David Brown,High,2024-12-09,Dining,18933
2,David Brown,High,2024-12-09,Travel,11503
2,David Brown,High,2024-12-09,Shopping,8217
2,David Brown,High,2024-12-09,Entertainment,9474
2,David Brown,High,2024-12-09,Healthcare,7929
2,David Brown,High,2024-12-09,Electronics,14958
2,David Brown,High,2024-12-09,Utilities,15508
2,David Brown,High,2024-12-10,Groceries,8502
2,David Brown,High,2024-12-10,Dining,7420
2,David Brown,High,2024-12-10,Travel,12830
2,David Brown,High,2024-12-10,Shopping,11358
2,David Brown,High,2024-12-10,Entertainment,8449
2,David Brown,High,2024-12-10,Healthcare,12811
2,David Brown,High,2024-12-10,Electronics,15619
2,David Brown,High,2024-12-10,Utilities,14871
2,David Brown,High,2024-12-11,Groceries,15588
2,David Brown,High,2024-12-11,Dining,15987
2,David Brown,High,2024-12-11,Travel,7106
2,David Brown,High,2024-12-11,Shopping,11049
2,David Brown,High,2024-12-11,Entertainment,15289
2,David Brown,High,2024-12-11,Healthcare,8903
2,David Brown,High,2024-12-11,Electronics,14649
2,David Brown,High,2024-12-11,Utilities,10570
2,David Brown,High,2024-12-12,Groceries,18493
2,David Brown,High,2024-12-12,Dining,12376
2,David Brown,High,2024-12-12,Travel,7042
2,David Brown,High,2024-12-12,Shopping,13385
2,David Brown,High,2024-12-12,Entertainment,8577
2,David Brown,High,2024-12-12,Healthcare,19382
2,David Brown,High,2024-12-12,Electronics,13065
2,David Brown,High,2024-12-12,Utilities,12885
2,David Brown,High,2024-12-13,Groceries,19475
2,David Brown,High,2024-12-13,Dining,15576
2,David Brown,High,2024-12-13,Travel,18663
2,David Brown,High,2024-12-13,Shopping,10577
2,David Brown,High,2024-12-13,Entertainment,10238
2,David Brown,High,2024-12-13,Healthcare,12244
2,David Brown,High,2024-12-13,Electronics,16888
2,David Brown,High,2024-12-13,Utilities,9134
2,David Brown,High,2024-12-14,Groceries,10892
2,David Brown,High,2024-12-14,Dining,17728
2,David Brown,High,2024-12-14,Travel,11321
2,David Brown,High,2024-12-14,Shopping,12776
2,David Brown,High,2024-12-14,Entertainment,17584
2,David Brown,High,2024-12-14,Healthcare,19805
2,David Brown,High,2024-12-14,Electronics,12828
2,David Brown,High,2024-12-14,Utilities,10815
2,David Brown,High,2024-12-15,Groceries,7295
2,David Brown,High,2024-12-15,Dining,7413
2,David Brown,High,2024-12-15,Travel,12956
2,David Brown,High,2024-12-15,Shopping,17187
2,David Brown,High,2024-12-15,Entertainment,13278
2,David Brown,High,2024-12-15,Healthcare,13668
2,David Brown,High,2024-12-15,Electronics,15195
2,David Brown,High,2024-12-15,Utilities,7177
2,David Brown,High,2024-12-16,Groceries,15937
2,David Brown,High,2024-12-16,Dining,11354
2,David Brown,High,2024-12-16,Travel,15843
2,David Brown,High,2024-12-16,Shopping,12914
2,David Brown,High,2024-12-16,Entertainment,12482
2,David Brown,High,2024-12-16,Healthcare,19081
2,David Brown,High,2024-12-16,Electronics,10271
2,David Brown,High,2024-12-16,Utilities,13687
2,David Brown,High,2024-12-17,Groceries,17674
2,David Brown,High,2024-12-17,Dining,12392
2,David Brown,High,2024-12-17,Travel,7289
2,David Brown,High,2024-12-17,Shopping,15994
2,David Brown,High,2024-12-17,Entertainment,17722
2,David Brown,High,2024-12-17,Healthcare,15425
2,David Brown,High,2024-12-17,Electronics,7407
2,David Brown,High,2024-12-17,Utilities,7693
2,David Brown,High,2024-12-18,Groceries,8169
2,David Brown,High,2024-12-18,Dining,19849
2,David Brown,High,2024-12-18,Travel,17669
2,David Brown,High,2024-12-18,Shopping,15623
2,David Brown,High,2024-12-18,Entertainment,14782
2,David Brown,High,2024-12-18,Healthcare,17736
2,David Brown,High,2024-12-18,Electronics,16174
2,David Brown,High,2024-12-18,Utilities,18352
2,David Brown,High,2024-12-19,Groceries,10044
2,David Brown,High,2024-12-19,Dining,12530
2,David Brown,High,2024-12-19,Travel,11992
2,David Brown,High,2024-12-19,Shopping,10924
2,David Brown,High,2024-12-19,Entertainment,13970
2,David Brown,High,2024-12-19,Healthcare,10312
2,David Brown,High,2024-12-19,Electronics,11318
2,David Brown,High,2024-12-19,Utilities,8688
2,David Brown,High,2024-12-20,Groceries,7467
2,David Brown,High,2024-12-20,Dining,17808
2,David Brown,High,2024-12-20,Travel,16537
2,David Brown,High,2024-12-20,Shopping,9422
2,David Brown,High,2024-12-20,Entertainment,14279
2,David Brown,High,2024-12-20,Healthcare,11507
2,David Brown,High,2024-12-20,Electronics,11721
2,David Brown,High,2024-12-20,Utilities,12371
2,David Brown,High,2024-12-21,Groceries,16203
2,David Brown,High,2024-12-21,Dining,14541
2,David Brown,High,2024-12-21,Travel,16869
2,David Brown,High,2024-12-21,Shopping,18889
2,David Brown,High,2024-12-21,Entertainment,19258
2,David Brown,High,2024-12-21,Healthcare,17084
2,David Brown,High,2024-12-21,Electronics,18061
2,David Brown,High,2024-12-21,Utilities,19542
2,David Brown,High,2024-12-22,Groceries,8486
2,David Brown,High,2024-12-22,Dining,18531
2,David Brown,High,2024-12-22,Travel,16608
2,David Brown,High,2024-12-22,Shopping,18038
2,David Brown,High,2024-12-22,Entertainment,16549
2,David Brown,High,2024-12-22,Healthcare,19252
2,David Brown,High,2024-12-22,Electronics,19852
2,David Brown,High,2024-12-22,Utilities,16583
2,David Brown,High,2024-12-23,Groceries,16770
2,David Brown,High,2024-12-23,Dining,10749
2,David Brown,High,2024-12-23,Travel,18817
2,David Brown,High,2024-12-23,Shopping,15059
2,David Brown,High,2024-12-23,Entertainment,9503
2,David Brown,High,2024-12-23,Healthcare,14855
2,David Brown,High,2024-12-23,Electronics,18329
2,David Brown,High,2024-12-23,Utilities,14055
2,David Brown,High,2024-12-24,Groceries,18101
2,David Brown,High,2024-12-24,Dining,17856
2,David Brown,High,2024-12-24,Travel,7399
2,David Brown,High,2024-12-24,Shopping,11382
2,David Brown,High,2024-12-24,Entertainment,19149
2,David Brown,High,2024-12-24,Healthcare,17425
2,David Brown,High,2024-12-24,Electronics,8539
2,David Brown,High,2024-12-24,Utilities,15428
2,David Brown,High,2024-12-25,Groceries,14185
2,David Brown,High,2024-12-25,Dining,11910
2,David Brown,High,2024-12-25,Travel,16119
2,David Brown,High,2024-12-25,Shopping,11509
2,David Brown,High,2024-12-25,Entertainment,13051
2,David Brown,High,2024-12-25,Healthcare,13152
2,David Brown,High,2024-12-25,Electronics,15611
2,David Brown,High,2024-12-25,Utilities,11124
2,David Brown,High,2024-12-26,Groceries,9395
2,David Brown,High,2024-12-26,Dining,15852
2,David Brown,High,2024-12-26,Travel,17815
2,David Brown,High,2024-12-26,Shopping,10950
2,David Brown,High,2024-12-26,Entertainment,7449
2,David Brown,High,2024-12-26,Healthcare,7379
2,David Brown,High,2024-12-26,Electronics,16442
2,David Brown,High,2024-12-26,Utilities,14285
2,David Brown,High,2024-12-27,Groceries,17651
2,David Brown,High,2024-12-27,Dining,18190
2,David Brown,High,2024-12-27,Travel,19643
2,David Brown,High,2024-12-27,Shopping,9301
2,David Brown,High,2024-12-27,Entertainment,14710
2,David Brown,High,2024-12-27,Healthcare,12792
2,David Brown,High,2024-12-27,Electronics,15918
2,David Brown,High,2024-12-27,Utilities,16659
2,David Brown,High,2024-12-28,Groceries,17920
2,David Brown,High,2024-12-28,Dining,18344
2,David Brown,High,2024-12-28,Travel,14216
2,David Brown,High,2024-12-28,Shopping,18712
2,David Brown,High,2024-12-28,Entertainment,11905
2,David Brown,High,2024-12-28,Healthcare,12999
2,David Brown,High,2024-12-28,Electronics,18546
2,David Brown,High,2024-12-28,Utilities,15607
2,David Brown,High,2024-12-29,Groceries,14122
2,David Brown,High,2024-12-29,Dining,7599
2,David Brown,High,2024-12-29,Travel,14288
2,David Brown,High,2024-12-29,Shopping,18266
2,David Brown,High,2024-12-29,Entertainment,19366
2,David Brown,High,2024-12-29,Healthcare,14921
2,David Brown,High,2024-12-29,Electronics,8567
2,David Brown,High,2024-12-29,Utilities,8094
2,David Brown,High,2024-12-30,Groceries,18135
2,David Brown,High,2024-12-30,Dining,19345
2,David Brown,High,2024-12-30,Travel,16639
2,David Brown,High,2024-12-30,Shopping,16684
2,David Brown,High,2024-12-30,Entertainment,17863
2,David Brown,High,2024-12-30,Healthcare,13191
2,David Brown,High,2024-12-30,Electronics,8458
2,David Brown,High,2024-12-30,Utilities,16400